Keyword,Competition,Global Monthly Searches,Jul 2010,Jun 2010,May 2010,Apr 2010,Mar 2010,Feb 2010,Jan 2010,Dec 2009,Nov 2009,Oct 2009,Sep 2009,Aug 2009,Ad Share,Search Share,Estimated Avg. CPC,Extracted From Webpage,Local Monthly Searches
007 keylogger spy,0.6,2400,-,-,-,-,-,-,-,-,-,-,-,-,-,-,$0.05,-,-
360 virus removal,0.6,320,-,-,-,-,-,-,-,-,-,-,-,-,-,-,$0.05,-,-
a360 virus,0.53,260,-,-,-,-,-,-,-,-,-,-,-,-,-,-,$0.05,-,-
about blank spyware,0.93,1300,260,320,590,590,1300,1600,720,880,1300,880,1000,1900,-,-,$2.25,-,880
advanced antivirus removal,0.47,480,-,-,-,-,-,-,-,-,-,-,-,-,-,-,$0.05,-,-
adware spyware removal tool,1,2900,1000,1000,1300,1300,2400,2900,1900,1600,1600,1900,1900,2900,-,-,$2.83,-,1900
adware virus removal,1,3600,1900,1900,1900,1900,2900,3600,2900,2900,2900,2400,2400,3600,-,-,$2.74,-,2900
adware virus removal,1,3600,1900,1900,1900,1900,2900,3600,2900,2900,2900,2400,2400,3600,-,-,$3.02,-,2900
affidavit identity theft,0.73,1600,1300,1600,1600,1600,1600,1300,1600,1300,1600,1300,1000,1300,-,-,$3.00,-,1300
alexa remove,0.47,720,390,260,390,390,720,720,390,320,390,320,480,720,-,-,$1.65,-,480
anti keyloggers,0.73,2900,480,390,590,720,720,590,390,590,720,590,480,590,-,-,$1.65,-,590
anti spyware keylogger,0.67,720,-,-,-,-,-,-,-,-,-,-,-,-,-,-,$0.05,-,-
anti virus trojan horse,0.67,2400,590,720,1000,880,1600,1900,1000,1000,1300,1300,1600,2400,-,-,$2.33,-,1300
anti virus worm,0.8,2900,590,590,1000,1000,1300,1900,1300,1300,1600,1300,1300,1600,-,-,$1.47,-,1300
antivirus 360 removal tool,0.67,320,-,-,-,-,-,-,-,-,-,-,-,-,-,-,$0.05,-,-
antivirus 360 remove,0.6,880,-,-,-,-,-,-,-,-,-,-,-,-,-,-,$0.05,-,-
antivirus computer programs,0.6,1000,720,480,590,720,720,720,720,880,720,720,720,720,-,-,$3.37,-,720
antivirus plus removal,0.53,4400,-,-,-,-,-,-,-,-,-,-,-,-,-,-,$0.05,-,-
antivirus plus remove,0.27,4400,-,-,-,-,-,-,-,-,-,-,-,-,-,-,$0.05,-,-
antivirus pro 2009 removal,0.6,1900,-,-,-,-,-,-,-,-,-,-,-,-,-,-,$0.05,-,-
antivirus software business,0.6,2900,1600,1900,2400,2400,2400,1900,1600,2400,1900,1900,1900,1900,-,-,$4.40,-,1900
antivirus trojan horse,0.73,4400,720,880,1000,1300,1300,1300,1300,1300,1300,1300,1600,1600,-,-,$1.53,-,1300
antivirus virus protection,0.87,3600,-,-,-,-,-,-,-,-,-,-,-,-,-,-,$0.05,-,-
antivirus xp 2008 remove,0.4,590,-,-,-,-,-,-,-,-,-,-,-,-,-,-,$0.05,-,-
antivirus xp pro removal,0.47,2900,-,-,-,-,-,-,-,-,-,-,-,-,-,-,$0.05,-,-
april fools day virus,0.53,320,-,-,-,-,-,-,-,-,-,-,-,-,-,-,$0.05,-,-
article identity theft,0.8,1900,880,1300,1600,1600,1900,1900,1300,1300,1900,1600,1600,1600,-,-,$2.54,-,1600
av2009 removal,0.47,210,-,-,-,-,-,-,-,-,-,-,-,-,-,-,$0.05,-,-
avoid identity theft,1,3600,2400,2900,2900,3600,3600,3600,3600,3600,4400,3600,3600,2400,-,-,$4.82,-,3600
avoid virus,0.47,4400,-,-,-,-,-,-,-,-,-,-,-,-,-,-,$0.05,-,-
avoiding identity theft,1,1300,1000,1000,1000,1300,1300,1300,1600,1600,1000,1300,880,480,-,-,$5.40,-,1300
backdoor computer virus,0.33,140,-,-,-,-,-,-,-,-,-,-,-,-,-,-,$0.05,-,-
backdoor trojan removal,0.8,3600,1000,1300,1300,1600,1900,2400,1600,1600,1600,1600,1600,2400,-,-,$0.84,-,1600
backdoor trojan remover,0.8,720,170,170,260,320,390,390,390,320,320,320,320,390,-,-,$1.15,-,320
backdoor worm,0.67,720,210,170,210,210,390,390,260,390,320,390,720,880,-,-,$0.99,-,390
bagle removal tool,0.53,1600,320,320,480,480,720,720,390,320,390,320,390,720,-,-,$0.92,-,480
bagle removal,0.6,3600,880,880,1000,1300,1600,1600,1000,1000,1300,1000,1300,1600,-,-,$0.95,-,1300
best computer antivirus,0.73,2400,-,-,-,-,-,-,-,-,-,-,-,-,-,-,$0.05,-,-
best identity theft protection,1,3600,2900,2900,2900,3600,3600,3600,3600,2900,2400,2400,1600,1600,-,-,$5.81,-,2900
best internetsecurity,0.33,91,-,-,-,-,-,-,-,-,-,-,-,-,-,-,$0.05,-,-
best keylogger software,0.73,2400,-,-,-,-,-,-,-,-,-,-,-,-,-,-,$0.05,-,-
best spy software,0.93,3600,2400,2400,2400,2400,2400,1900,1900,1900,1900,1600,2400,1900,-,-,$2.62,-,1900
best spyware removal program,1,1900,880,720,1000,1300,1300,1600,1600,1300,1000,1300,1000,1300,-,-,$3.22,-,1300
best virus protection software,1,4400,2400,2400,2900,2900,3600,3600,3600,2900,2900,2900,2900,2900,-,-,$3.58,-,2900
bomb viruses,0.2,320,-,-,-,-,-,-,-,-,-,-,-,-,-,-,$0.05,-,-
buy keylogger,0.73,2400,880,720,720,1000,880,720,720,720,590,590,590,590,-,-,$1.26,-,720
can t get rid of virus,0.4,260,-,-,-,-,-,-,-,-,-,-,-,-,-,-,$0.05,-,-
cant get rid of virus,0.47,390,-,-,-,-,-,-,-,-,-,-,-,-,-,-,$0.05,-,-
chameleon virus,0.33,390,-,-,-,-,-,-,-,-,-,-,-,-,-,-,$0.05,-,-
child identity theft,0.87,1600,1600,1300,1300,1300,1900,1300,1300,1300,1300,1300,1000,1000,-,-,$3.20,-,1300
clean trojan horse,0.53,1000,390,390,480,480,590,590,590,390,480,320,390,480,-,-,$1.16,-,480
clean worm,0.6,2400,720,880,880,1000,720,880,880,720,590,590,590,880,-,-,$1.10,-,720
coficker virus,0.33,110,-,-,-,-,-,-,-,-,-,-,-,-,-,-,$0.05,-,-
computer anti virus software,1,4400,2400,2400,2900,2900,3600,4400,2900,3600,3600,2900,3600,4400,-,-,$4.33,-,2900
computer anti virus software,1,4400,2400,2400,2900,2900,3600,4400,2900,3600,3600,2900,3600,4400,-,-,$4.38,-,2900
computer anti virus software,1,4400,2400,2400,2900,2900,3600,4400,2900,3600,3600,2900,3600,4400,-,-,$4.42,-,2900
computer anti virus software,1,4400,2400,2400,2900,2900,3600,4400,2900,3600,3600,2900,3600,4400,-,-,$4.49,-,2900
computer crash help,0.93,480,320,320,320,320,390,320,390,320,320,390,390,390,-,-,$2.84,-,320
computer error help,0.93,590,260,390,390,320,480,590,320,480,480,390,480,590,-,-,$2.23,-,390
computer has virus what to do,-,320,-,-,-,-,-,-,-,-,-,-,-,-,-,-,$0.05,-,-
computer help slow,0.8,3600,2400,2900,2900,2400,2900,2400,1900,2400,2900,1900,2400,2900,-,-,$2.56,-,2400
computer identity theft,1,3600,1900,1900,2400,2900,3600,3600,2400,2900,3600,2900,2900,2400,-,-,$5.71,-,2900
computer problem help,1,2400,880,1300,880,1000,1600,1300,880,1000,1900,6600,1300,1300,-,-,$4.22,-,1600
computer problems help,0.93,2400,1300,1600,1600,1900,1900,1900,1600,1600,1900,1600,1900,1600,-,-,$4.08,-,1600
computer sluggish,0.6,2900,1600,1900,1900,1900,2400,2400,1600,1900,2400,1900,1900,1900,-,-,$1.92,-,1900
computer speedup software,0.53,260,-,-,-,-,-,-,-,-,-,-,-,-,-,-,$0.05,-,-
computer troubleshooting help,0.93,590,260,480,480,390,390,480,320,390,480,390,480,390,-,-,$5.58,-,390
computer virus definition,0.87,4400,1000,1000,2400,1900,2400,1900,1900,1600,1600,1600,1900,1300,-,-,$2.27,-,1600
computer virus meaning,0.13,390,-,-,-,-,-,-,-,-,-,-,-,-,-,-,$0.05,-,-
computer virus removal service,0.73,590,-,-,-,-,-,-,-,-,-,-,-,-,-,-,$0.05,-,-
computer virus remover,0.87,1600,720,590,720,720,1000,1300,1000,1600,1600,880,1000,1600,-,-,$2.54,-,1000
computer virus what to do,0.27,1600,-,-,-,-,-,-,-,-,-,-,-,-,-,-,$0.05,-,-
computer viruses definition,0.47,480,73,91,170,170,170,110,170,140,170,210,170,140,-,-,$0.05,-,140
computer worm removal,0.8,880,320,390,390,590,590,720,720,590,590,480,480,480,-,-,$1.44,-,590
conficer virus,0.4,210,-,-,-,-,-,-,-,-,-,-,-,-,-,-,$0.05,-,-
conficer worm,0.27,170,-,-,-,-,-,-,-,-,-,-,-,-,-,-,$0.05,-,-
conficker a virus,0.33,480,-,-,-,-,-,-,-,-,-,-,-,-,-,-,$0.05,-,-
conficker b virus,0.27,320,-,-,-,-,-,-,-,-,-,-,-,-,-,-,$0.05,-,-
conficker b worm,0.27,2400,-,-,-,-,-,-,-,-,-,-,-,-,-,-,$0.05,-,-
conficker c virus,0.53,720,-,-,-,-,-,-,-,-,-,-,-,-,-,-,$0.05,-,-
conficker c worm,0.47,1300,-,-,-,-,-,-,-,-,-,-,-,-,-,-,$0.05,-,-
conficker worm virus,0.47,1600,-,-,-,-,-,-,-,-,-,-,-,-,-,-,$0.05,-,-
coolwebsearch remove,0.73,880,260,210,260,480,1000,1600,390,390,390,390,720,1600,-,-,$1.50,-,590
coolwebsearch spyware,0.8,390,73,73,140,170,480,590,210,140,140,170,320,590,-,-,$1.97,-,260
creeper virus,0.27,1600,-,-,-,-,-,-,-,-,-,-,-,-,-,-,$0.05,-,-
current computer virus threats,0.33,140,-,-,-,-,-,-,-,-,-,-,-,-,-,-,$0.05,-,-
definition of a computer virus,0.67,480,91,91,260,210,260,260,260,260,260,210,260,110,-,-,$1.76,-,210
definition of a computer virus,0.67,480,91,91,260,210,260,260,260,260,260,210,260,110,-,-,$1.78,-,210
definition of computer virus,0.73,1600,320,390,880,720,880,880,880,590,720,720,720,480,-,-,$1.31,-,720
definition of computer viruses,0.53,210,-,-,-,-,-,-,-,-,-,-,-,-,-,-,$0.05,-,-
defrag speed up computer,0.53,170,-,-,-,-,-,-,-,-,-,-,-,-,-,-,$0.05,-,-
delete computer virus,0.73,3600,-,-,-,-,-,-,-,-,-,-,-,-,-,-,$0.05,-,-
delete trojan horse,0.87,3600,1600,1600,1600,1600,1900,1900,1600,1600,1600,1600,1600,1900,-,-,$2.15,-,1600
deleting spyware,1,1300,720,720,880,880,1000,1300,880,880,880,880,1000,1300,-,-,$3.63,-,1000
detect keyloggers,0.73,2400,1000,1000,1000,1000,1300,1000,1300,1000,880,880,1000,1000,-,-,$1.21,-,1000
dialer removal,0.8,1900,390,480,880,880,1900,2400,1000,1300,1900,1300,1600,2400,-,-,$1.37,-,1300
dialer virus,0.8,2900,480,590,590,720,1300,1900,880,880,1000,880,1300,1600,-,-,$1.27,-,1000
dll worm,0.53,1300,-,-,-,-,-,-,-,-,-,-,-,-,-,-,$0.05,-,-
download antivirus 2006,0.73,2400,480,390,590,590,880,880,720,590,590,590,880,1000,-,-,$1.16,-,720
download invisible keylogger,0.53,2900,390,480,590,590,590,590,480,590,720,590,480,480,-,-,$1.10,-,590
downloader trojan remover,0.73,1600,320,320,480,480,880,1300,480,480,590,480,720,1000,-,-,$1.10,-,590
downup virus,0.4,320,-,-,-,-,-,-,-,-,-,-,-,-,-,-,$0.05,-,-
e mail keylogger,0.67,2400,-,-,-,-,-,-,-,-,-,-,-,-,-,-,$0.05,-,-
easy keylogger,0.67,1900,390,320,390,590,390,590,480,720,880,320,320,480,-,-,$1.43,-,480
find keyloggers,0.6,1300,880,720,590,720,720,720,720,590,720,590,590,720,-,-,$1.33,-,720
fix computer viruses,0.6,880,-,-,-,-,-,-,-,-,-,-,-,-,-,-,$0.05,-,-
fix slow running computer,0.8,3600,2400,2400,2400,2900,3600,2900,2400,2400,2400,1900,1900,2400,-,-,$2.67,-,2400
fix trojan horse,0.73,2900,1300,1300,1600,1600,1900,2400,1900,1600,1600,1300,1600,2400,-,-,$1.91,-,1600
fred cohen virus,-,210,-,-,-,-,-,-,-,-,-,-,-,-,-,-,$0.05,-,-
free computer speedup,0.6,590,-,-,-,-,-,-,-,-,-,-,-,-,-,-,$0.05,-,-
free identity theft protection,0.87,1300,720,880,880,1000,1300,1000,1000,1000,880,880,880,720,-,-,$5.13,-,1000
free key loggers,0.53,880,390,320,390,390,590,720,390,480,590,480,590,720,-,-,$1.49,-,480
free keylogger program,0.53,720,-,-,-,-,-,-,-,-,-,-,-,-,-,-,$0.05,-,-
free removal tool trojan,0.47,3600,1000,1000,1300,1600,1900,2400,1900,1900,1900,1600,1900,2900,-,-,$1.17,-,1900
free removal tool trojan,0.47,3600,1000,1000,1300,1600,1900,2400,1900,1900,1900,1600,1900,2900,-,-,$1.18,-,1900
free removal tool trojan,0.47,3600,1000,1000,1300,1600,1900,2400,1900,1900,1900,1600,1900,2900,-,-,$1.24,-,1900
free removal tool trojan,0.47,3600,1000,1000,1300,1600,1900,2400,1900,1900,1900,1600,1900,2900,-,-,$1.25,-,1900
free spyware removal online,0.73,2900,1000,1000,1300,1300,2400,2400,1900,1900,1900,1900,2900,3600,-,-,$3.44,-,1900
free spyware removal program,1,4400,1300,1600,1900,1900,3600,4400,2900,2400,2400,2900,2900,3600,-,-,$4.08,-,2400
free trial keylogger,0.4,2900,-,-,-,-,-,-,-,-,-,-,-,-,-,-,$0.05,-,-
full form of computer virus,0.2,170,-,-,-,-,-,-,-,-,-,-,-,-,-,-,$0.05,-,-
get a keylogger,0.6,1900,1600,1600,1300,1300,1300,1000,1300,1000,1000,1000,1000,1300,-,-,$1.30,-,1300
get rid of a virus for free,0.47,210,-,-,-,-,-,-,-,-,-,-,-,-,-,-,$0.05,-,-
get rid of email virus,0.47,320,-,-,-,-,-,-,-,-,-,-,-,-,-,-,$0.05,-,-
get rid of google redirect virus,-,480,-,-,-,-,-,-,-,-,-,-,-,-,-,-,$0.05,-,-
get rid of pop up virus,0.27,210,-,-,-,-,-,-,-,-,-,-,-,-,-,-,$0.05,-,-
get rid of redirect virus,0.13,1000,-,-,-,-,-,-,-,-,-,-,-,-,-,-,$0.05,-,-
get rid of spyware virus,0.67,320,-,-,-,-,-,-,-,-,-,-,-,-,-,-,$0.05,-,-
get rid of virus for free,0.6,880,-,-,-,-,-,-,-,-,-,-,-,-,-,-,$0.05,-,-
get rid of virus free,0.67,1600,-,-,-,-,-,-,-,-,-,-,-,-,-,-,$0.05,-,-
get rid of virus on laptop,-,110,-,-,-,-,-,-,-,-,-,-,-,-,-,-,$0.05,-,-
get rid of vundo virus,0.4,170,-,-,-,-,-,-,-,-,-,-,-,-,-,-,$0.05,-,-
get rid trojan horse virus,0.33,1000,-,-,-,-,-,-,-,-,-,-,-,-,-,-,$0.05,-,-
get rid trojans,0.33,3600,-,-,-,-,-,-,-,-,-,-,-,-,-,-,$0.05,-,-
getting rid of a computer virus,0.47,260,-,-,-,-,-,-,-,-,-,-,-,-,-,-,$0.05,-,-
getting rid of a trojan virus,0.47,170,-,-,-,-,-,-,-,-,-,-,-,-,-,-,$0.05,-,-
getting rid of a virus on your computer,0.33,91,-,-,-,-,-,-,-,-,-,-,-,-,-,-,$0.05,-,-
getting rid of a virus,0.47,1000,-,-,-,-,-,-,-,-,-,-,-,-,-,-,$0.05,-,-
getting rid of computer virus,0.4,590,480,390,480,480,480,590,480,480,390,320,390,480,-,-,$2.13,-,480
getting rid of the trojan virus,0.4,170,-,-,-,-,-,-,-,-,-,-,-,-,-,-,$0.05,-,-
getting rid of trojan horse virus,0.67,260,170,170,210,210,260,260,210,260,170,210,210,260,-,-,$0.05,-,210
getting rid of trojan virus,0.6,1000,-,-,-,-,-,-,-,-,-,-,-,-,-,-,$0.05,-,-
getting rid of virus on computer,-,170,-,-,-,-,-,-,-,-,-,-,-,-,-,-,$0.05,-,-
handy keylogger,0.73,2400,210,140,260,260,390,480,320,320,320,320,390,590,-,-,$1.57,-,320
help fix my computer,0.87,880,-,-,-,-,-,-,-,-,-,-,-,-,-,-,$0.05,-,-
help remove virus,0.53,880,-,-,-,-,-,-,-,-,-,-,-,-,-,-,$0.05,-,-
help virus removal,0.27,1300,720,880,720,720,1300,1600,1600,880,720,590,720,1000,-,-,$2.71,-,880
help with virus removal,0.4,140,-,-,-,-,-,-,-,-,-,-,-,-,-,-,$0.05,-,-
hidden keylogger,0.73,4400,1300,1300,1300,1300,1300,1300,1300,1300,1300,1300,1300,1300,-,-,$1.07,-,1300
hijack spyware,1,2900,1000,1000,1600,1300,1900,2400,1600,1300,1300,1300,1600,2900,-,-,$2.13,-,1600
hijacker spyware,0.93,880,320,260,390,390,880,1000,480,390,390,390,590,1000,-,-,$2.79,-,590
history of trojan horse virus,0.6,210,-,-,-,-,-,-,-,-,-,-,-,-,-,-,$0.05,-,-
how antivirus work,0.27,1900,-,-,-,-,-,-,-,-,-,-,-,-,-,-,$0.05,-,-
how can i speed up my computer,0.93,2900,2400,2900,2900,2400,2900,2900,2900,2900,2900,2400,2900,2900,-,-,$2.14,-,2900
how can speed up my computer,0.53,2900,-,-,-,-,-,-,-,-,-,-,-,-,-,-,$0.05,-,-
how computer viruses are made,-,170,-,-,-,-,-,-,-,-,-,-,-,-,-,-,$0.05,-,-
how do antivirus programs work,0.47,140,-,-,-,-,-,-,-,-,-,-,-,-,-,-,$0.05,-,-
how do i get rid of a computer virus,0.53,390,-,-,-,-,-,-,-,-,-,-,-,-,-,-,$0.05,-,-
how do i remove spyware,0.93,1900,1000,1000,1600,1600,1900,1600,1600,1600,1900,1600,1900,2400,-,-,$2.98,-,1600
how do i speed up my computer,0.93,2400,1900,1900,2400,1900,1900,1900,2400,1900,1900,1900,1600,1600,-,-,$2.36,-,1900
how do you get a computer virus,0.47,590,480,480,720,590,720,720,720,590,590,390,480,480,-,-,$2.11,-,590
how do you get rid of a computer virus,0.47,210,-,-,-,-,-,-,-,-,-,-,-,-,-,-,$0.05,-,-
how do you get rid of a virus,-,210,-,-,-,-,-,-,-,-,-,-,-,-,-,-,$0.05,-,-
how do you get rid of virus on computer,-,110,-,-,-,-,-,-,-,-,-,-,-,-,-,-,$0.05,-,-
how do you know if you have a computer virus,-,91,-,-,-,-,-,-,-,-,-,-,-,-,-,-,$0.05,-,-
how do you make a computer virus,0.33,91,-,-,-,-,-,-,-,-,-,-,-,-,-,-,$0.05,-,-
how do you remove a virus,0.4,320,-,-,-,-,-,-,-,-,-,-,-,-,-,-,$0.05,-,-
how do you remove personal antivirus,0.2,110,-,-,-,-,-,-,-,-,-,-,-,-,-,-,$0.05,-,-
how do you remove spyware,0.8,320,-,-,-,-,-,-,-,-,-,-,-,-,-,-,$0.05,-,-
how do you remove trojan virus,0.4,170,-,-,-,-,-,-,-,-,-,-,-,-,-,-,$0.05,-,-
how do you speed up computer,0.47,590,-,-,-,-,-,-,-,-,-,-,-,-,-,-,$0.05,-,-
how do you speed up your computer,0.67,390,-,-,-,-,-,-,-,-,-,-,-,-,-,-,$0.05,-,-
how does a computer get a virus,0.13,110,-,-,-,-,-,-,-,-,-,-,-,-,-,-,$0.05,-,-
how does a computer virus spread,-,140,-,-,-,-,-,-,-,-,-,-,-,-,-,-,$0.05,-,-
how many antivirus,-,1000,-,-,-,-,-,-,-,-,-,-,-,-,-,-,$0.05,-,-
how to avoid a computer virus,0.4,110,-,-,-,-,-,-,-,-,-,-,-,-,-,-,$0.05,-,-
how to avoid computer virus,0.4,260,-,-,-,-,-,-,-,-,-,-,-,-,-,-,$0.05,-,-
how to bypass antivirus,0.13,170,-,-,-,-,-,-,-,-,-,-,-,-,-,-,$0.05,-,-
how to check antivirus,-,880,-,-,-,-,-,-,-,-,-,-,-,-,-,-,$0.05,-,-
how to check computer for virus,0.33,210,-,-,-,-,-,-,-,-,-,-,-,-,-,-,$0.05,-,-
how to choose antivirus software,-,390,-,-,-,-,-,-,-,-,-,-,-,-,-,-,$0.05,-,-
how to clean a computer virus,0.4,720,-,-,-,-,-,-,-,-,-,-,-,-,-,-,$0.05,-,-
how to clean a virus infected computer,0.27,210,-,-,-,-,-,-,-,-,-,-,-,-,-,-,$0.05,-,-
how to clean computer virus,0.53,2400,-,-,-,-,-,-,-,-,-,-,-,-,-,-,$0.05,-,-
how to clean virus from computer,0.47,880,-,-,-,-,-,-,-,-,-,-,-,-,-,-,$0.05,-,-
how to clear a computer virus,-,140,-,-,-,-,-,-,-,-,-,-,-,-,-,-,$0.05,-,-
how to delete antivirus pro,-,1300,-,-,-,-,-,-,-,-,-,-,-,-,-,-,$0.05,-,-
how to delete fake antivirus,-,110,-,-,-,-,-,-,-,-,-,-,-,-,-,-,$0.05,-,-
how to destroy a computer virus,0.2,140,-,-,-,-,-,-,-,-,-,-,-,-,-,-,$0.05,-,-
how to detect keylogger,0.67,2900,1600,1600,1600,1600,1900,1600,1600,1600,1600,1300,1300,1600,-,-,$0.98,-,1600
how to download an antivirus,-,140,-,-,-,-,-,-,-,-,-,-,-,-,-,-,$0.05,-,-
how to find a computer virus,0.47,590,-,-,-,-,-,-,-,-,-,-,-,-,-,-,$0.05,-,-
how to find computer virus,0.47,1000,-,-,-,-,-,-,-,-,-,-,-,-,-,-,$0.05,-,-
how to find virus on computer,-,590,-,-,-,-,-,-,-,-,-,-,-,-,-,-,$0.05,-,-
how to fix a computer virus,0.53,2400,-,-,-,-,-,-,-,-,-,-,-,-,-,-,$0.05,-,-
how to fix a computer with a virus,0.47,880,-,-,-,-,-,-,-,-,-,-,-,-,-,-,$0.05,-,-
how to fix a slow computer,1,2900,1900,2400,2400,1900,2900,2400,2400,2400,1900,1600,1900,1900,-,-,$4.17,-,2400
how to fix a virus infected computer,0.27,390,-,-,-,-,-,-,-,-,-,-,-,-,-,-,$0.05,-,-
how to fix a virus on a computer,0.27,140,-,-,-,-,-,-,-,-,-,-,-,-,-,-,$0.05,-,-
how to fix computer virus,0.6,3600,-,-,-,-,-,-,-,-,-,-,-,-,-,-,$0.05,-,-
how to fix computer with virus,0.47,1000,-,-,-,-,-,-,-,-,-,-,-,-,-,-,$0.05,-,-
how to fix virus infected computer,0.2,720,-,-,-,-,-,-,-,-,-,-,-,-,-,-,$0.05,-,-
how to fix virus on computer,0.33,320,-,-,-,-,-,-,-,-,-,-,-,-,-,-,$0.05,-,-
how to get a free antivirus program,-,110,-,-,-,-,-,-,-,-,-,-,-,-,-,-,$0.05,-,-
how to get a free antivirus,-,320,-,-,-,-,-,-,-,-,-,-,-,-,-,-,$0.05,-,-
how to get antivirus 2009,-,880,-,-,-,-,-,-,-,-,-,-,-,-,-,-,$0.05,-,-
how to get antivirus for free,0.13,1900,-,-,-,-,-,-,-,-,-,-,-,-,-,-,$0.05,-,-
how to get free antivirus 2009,0.13,480,-,-,-,-,-,-,-,-,-,-,-,-,-,-,$0.05,-,-
how to get free antivirus protection,0.27,260,-,-,-,-,-,-,-,-,-,-,-,-,-,-,$0.05,-,-
how to get free antivirus software,0.27,480,-,-,-,-,-,-,-,-,-,-,-,-,-,-,$0.05,-,-
how to get free antivirus,0.4,4400,-,-,-,-,-,-,-,-,-,-,-,-,-,-,$0.05,-,-
how to get rid of a computer virus for free,0.27,590,-,-,-,-,-,-,-,-,-,-,-,-,-,-,$0.05,-,-
how to get rid of a computer virus,0.73,3600,4400,3600,4400,4400,4400,4400,4400,3600,2900,2400,2400,2400,-,-,$2.15,-,3600
how to get rid of a trojan virus,0.73,1900,1600,1600,1900,1600,1900,1900,2400,1900,1900,1600,1900,2900,-,-,$1.77,-,1900
how to get rid of a trojan virus,0.73,1900,1600,1600,1900,1600,1900,1900,2400,1900,1900,1600,1900,2900,-,-,$1.81,-,1900
how to get rid of a virus for free,0.53,590,-,-,-,-,-,-,-,-,-,-,-,-,-,-,$0.05,-,-
how to get rid of a virus manually,-,110,-,-,-,-,-,-,-,-,-,-,-,-,-,-,$0.05,-,-
how to get rid of a virus on my computer,0.4,110,-,-,-,-,-,-,-,-,-,-,-,-,-,-,$0.05,-,-
how to get rid of a virus on my laptop,0.2,1000,-,-,-,-,-,-,-,-,-,-,-,-,-,-,$0.05,-,-
how to get rid of a virus on pc,-,210,-,-,-,-,-,-,-,-,-,-,-,-,-,-,$0.05,-,-
how to get rid of a virus on your computer,0.47,1300,-,-,-,-,-,-,-,-,-,-,-,-,-,-,$0.05,-,-
how to get rid of about blank virus,0.47,91,-,-,-,-,-,-,-,-,-,-,-,-,-,-,$0.05,-,-
how to get rid of computer virus for free,0.2,140,-,-,-,-,-,-,-,-,-,-,-,-,-,-,$0.05,-,-
how to get rid of email virus,-,110,-,-,-,-,-,-,-,-,-,-,-,-,-,-,$0.05,-,-
how to get rid of google redirect virus,-,320,-,-,-,-,-,-,-,-,-,-,-,-,-,-,$0.05,-,-
how to get rid of koobface virus,-,110,-,-,-,-,-,-,-,-,-,-,-,-,-,-,$0.05,-,-
how to get rid of malware virus,0.33,170,-,-,-,-,-,-,-,-,-,-,-,-,-,-,$0.05,-,-
how to get rid of pop up virus,0.13,170,-,-,-,-,-,-,-,-,-,-,-,-,-,-,$0.05,-,-
how to get rid of redirect virus,-,260,-,-,-,-,-,-,-,-,-,-,-,-,-,-,$0.05,-,-
how to get rid of system security virus,-,260,-,-,-,-,-,-,-,-,-,-,-,-,-,-,$0.05,-,-
how to get rid of the trojan virus,0.6,590,480,390,480,480,590,720,720,590,480,590,720,1000,-,-,$1.53,-,590
how to get rid of trojan virus for free,0.4,590,-,-,-,-,-,-,-,-,-,-,-,-,-,-,$0.05,-,-
how to get rid of virus for free,0.53,140,-,-,-,-,-,-,-,-,-,-,-,-,-,-,$0.05,-,-
how to get rid of virus on computer,0.53,260,-,-,-,-,-,-,-,-,-,-,-,-,-,-,$0.05,-,-
how to identify a computer virus,-,91,-,-,-,-,-,-,-,-,-,-,-,-,-,-,$0.05,-,-
how to infect a computer with a virus,0.2,170,-,-,-,-,-,-,-,-,-,-,-,-,-,-,$0.05,-,-
how to keep computer virus free,-,110,-,-,-,-,-,-,-,-,-,-,-,-,-,-,$0.05,-,-
how to manually remove spyware,0.6,880,480,480,720,720,720,720,720,590,590,480,720,880,-,-,$2.61,-,590
how to prevent a computer virus,0.47,210,-,-,-,-,-,-,-,-,-,-,-,-,-,-,$0.05,-,-
how to prevent computer virus,0.6,720,170,140,260,260,260,210,210,170,260,260,210,170,-,-,$4.09,-,210
how to protect against identity theft,0.87,480,320,320,320,390,590,480,390,390,390,320,390,320,-,-,$5.40,-,390
how to protect from identity theft,0.67,1900,-,-,-,-,-,-,-,-,-,-,-,-,-,-,$0.05,-,-
how to protect identity theft,0.67,2900,-,-,-,-,-,-,-,-,-,-,-,-,-,-,$0.05,-,-
how to protect your identity,0.8,1000,880,880,1000,1000,1000,1300,880,880,1300,880,880,880,-,-,$3.07,-,1000
how to protect yourself from identity theft,1,1600,1300,1600,1900,1600,1900,1600,1300,1300,1600,1300,1300,1000,-,-,$4.59,-,1600
how to remove a antivirus,0.2,720,-,-,-,-,-,-,-,-,-,-,-,-,-,-,$0.05,-,-
how to remove a computer virus,0.73,4400,5400,4400,4400,5400,5400,5400,6600,5400,4400,2900,3600,3600,-,-,$2.31,-,4400
how to remove a computer worm,-,260,-,-,-,-,-,-,-,-,-,-,-,-,-,-,$0.05,-,-
how to remove a exe virus,-,140,-,-,-,-,-,-,-,-,-,-,-,-,-,-,$0.05,-,-
how to remove a rootkit virus,0.13,91,-,-,-,-,-,-,-,-,-,-,-,-,-,-,$0.05,-,-
how to remove a spyware,0.67,480,-,-,-,-,-,-,-,-,-,-,-,-,-,-,$0.05,-,-
how to remove a trojan horse virus,0.67,480,320,320,390,320,390,390,480,590,390,390,390,480,-,-,$1.80,-,390
how to remove a trojan virus for free,0.2,210,-,-,-,-,-,-,-,-,-,-,-,-,-,-,$0.05,-,-
how to remove a trojan virus manually,-,210,-,-,-,-,-,-,-,-,-,-,-,-,-,-,$0.05,-,-
how to remove a trojan virus,0.8,2900,1900,1900,1900,2400,2900,2400,2900,2900,1900,1900,2400,2900,-,-,$2.29,-,2400
how to remove a virus for free,0.2,170,-,-,-,-,-,-,-,-,-,-,-,-,-,-,$0.05,-,-
how to remove a virus free,0.27,480,-,-,-,-,-,-,-,-,-,-,-,-,-,-,$0.05,-,-
how to remove a virus from a computer,0.27,140,-,-,-,-,-,-,-,-,-,-,-,-,-,-,$0.05,-,-
how to remove a virus from computer,0.4,260,-,-,-,-,-,-,-,-,-,-,-,-,-,-,$0.05,-,-
how to remove a virus manually,0.27,1600,-,-,-,-,-,-,-,-,-,-,-,-,-,-,$0.05,-,-
how to remove a virus without antivirus,-,390,-,-,-,-,-,-,-,-,-,-,-,-,-,-,$0.05,-,-
how to remove a worm from my computer,-,170,-,-,-,-,-,-,-,-,-,-,-,-,-,-,$0.05,-,-
how to remove a worm virus,0.4,170,-,-,-,-,-,-,-,-,-,-,-,-,-,-,$0.05,-,-
how to remove about blank virus,0.73,170,-,-,-,-,-,-,-,-,-,-,-,-,-,-,$0.05,-,-
how to remove about blank,0.73,1000,390,390,590,480,880,1000,590,720,590,480,720,1000,-,-,$1.30,-,720
how to remove advanced antivirus,0.2,170,-,-,-,-,-,-,-,-,-,-,-,-,-,-,$0.05,-,-
how to remove adware and spyware,0.67,720,480,480,590,590,590,590,480,390,390,390,480,590,-,-,$3.41,-,480
how to remove adware spyware,0.73,1300,720,880,880,880,880,880,880,720,720,720,720,880,-,-,$2.57,-,880
how to remove adware virus,0.6,210,-,-,-,-,-,-,-,-,-,-,-,-,-,-,$0.05,-,-
how to remove ahsan virus,-,210,-,-,-,-,-,-,-,-,-,-,-,-,-,-,$0.05,-,-
how to remove anti virus 2010,-,320,-,-,-,-,-,-,-,-,-,-,-,-,-,-,$0.05,-,-
how to remove anti virus plus,-,110,-,-,-,-,-,-,-,-,-,-,-,-,-,-,$0.05,-,-
how to remove antivirus 2008,0.53,480,-,-,-,-,-,-,-,-,-,-,-,-,-,-,$0.05,-,-
how to remove antivirus 2009,0.6,2400,-,-,-,-,-,-,-,-,-,-,-,-,-,-,$0.05,-,-
how to remove antivirus 2010 for free,-,140,-,-,-,-,-,-,-,-,-,-,-,-,-,-,$0.05,-,-
how to remove antivirus 360,0.53,260,-,-,-,-,-,-,-,-,-,-,-,-,-,-,$0.05,-,-
how to remove antivirus plus,0.27,1600,-,-,-,-,-,-,-,-,-,-,-,-,-,-,$0.05,-,-
how to remove antivirus spyware,0.4,480,-,-,-,-,-,-,-,-,-,-,-,-,-,-,$0.05,-,-
how to remove antivirus system pro alert,-,210,-,-,-,-,-,-,-,-,-,-,-,-,-,-,$0.05,-,-
how to remove antivirus system pro virus,-,110,-,-,-,-,-,-,-,-,-,-,-,-,-,-,$0.05,-,-
how to remove antivirus xp 2008,0.33,170,-,-,-,-,-,-,-,-,-,-,-,-,-,-,$0.05,-,-
how to remove any virus,-,320,-,-,-,-,-,-,-,-,-,-,-,-,-,-,$0.05,-,-
how to remove backdoor trojan virus,0.33,91,-,-,-,-,-,-,-,-,-,-,-,-,-,-,$0.05,-,-
how to remove backdoor virus,0.33,320,-,-,-,-,-,-,-,-,-,-,-,-,-,-,$0.05,-,-
how to remove bagle,0.27,480,-,-,-,-,-,-,-,-,-,-,-,-,-,-,$0.05,-,-
how to remove bankerfox a virus,-,210,-,-,-,-,-,-,-,-,-,-,-,-,-,-,$0.05,-,-
how to remove bios virus,-,170,-,-,-,-,-,-,-,-,-,-,-,-,-,-,$0.05,-,-
how to remove blaster virus,0.2,170,-,-,-,-,-,-,-,-,-,-,-,-,-,-,$0.05,-,-
how to remove bloodhound virus,0.53,170,91,73,73,110,210,210,91,91,91,73,140,210,-,-,$2.47,-,110
how to remove brontok virus,0.53,320,-,-,-,-,-,-,-,-,-,-,-,-,-,-,$0.05,-,-
how to remove ca antivirus,0.13,210,-,-,-,-,-,-,-,-,-,-,-,-,-,-,$0.05,-,-
how to remove cell phone spyware,0.2,170,-,-,-,-,-,-,-,-,-,-,-,-,-,-,$0.05,-,-
how to remove computer virus manually,-,320,-,-,-,-,-,-,-,-,-,-,-,-,-,-,$0.05,-,-
how to remove conficker virus,0.33,480,-,-,-,-,-,-,-,-,-,-,-,-,-,-,$0.05,-,-
how to remove cryptor virus,0.2,140,-,-,-,-,-,-,-,-,-,-,-,-,-,-,$0.05,-,-
how to remove cws,0.47,170,73,46,73,73,170,210,91,110,210,110,140,210,-,-,$0.92,-,140
how to remove dialer,0.53,590,170,140,210,210,480,590,170,260,390,260,480,480,-,-,$0.54,-,320
how to remove downadup virus,0.2,140,-,-,-,-,-,-,-,-,-,-,-,-,-,-,$0.05,-,-
how to remove downloader virus,0.53,390,-,-,-,-,-,-,-,-,-,-,-,-,-,-,$0.05,-,-
how to remove email virus,-,320,-,-,-,-,-,-,-,-,-,-,-,-,-,-,$0.05,-,-
how to remove ezula,0.53,170,110,110,210,140,170,210,140,110,91,110,140,210,-,-,$1.63,-,140
how to remove fake anti virus,-,110,-,-,-,-,-,-,-,-,-,-,-,-,-,-,$0.05,-,-
how to remove fake antivirus,0.2,1000,-,-,-,-,-,-,-,-,-,-,-,-,-,-,$0.05,-,-
how to remove google virus,-,1000,-,-,-,-,-,-,-,-,-,-,-,-,-,-,$0.05,-,-
how to remove hacktool virus,0.33,110,-,-,-,-,-,-,-,-,-,-,-,-,-,-,$0.05,-,-
how to remove hidden virus,-,590,-,-,-,-,-,-,-,-,-,-,-,-,-,-,$0.05,-,-
how to remove hijack virus,-,210,-,-,-,-,-,-,-,-,-,-,-,-,-,-,$0.05,-,-
how to remove hijacker virus,-,110,-,-,-,-,-,-,-,-,-,-,-,-,-,-,$0.05,-,-
how to remove iexplore exe virus,0.33,320,-,-,-,-,-,-,-,-,-,-,-,-,-,-,$0.05,-,-
how to remove infostealer virus,0.27,91,-,-,-,-,-,-,-,-,-,-,-,-,-,-,$0.05,-,-
how to remove internet virus,0.2,1900,-,-,-,-,-,-,-,-,-,-,-,-,-,-,$0.05,-,-
how to remove isearch,0.53,210,110,110,170,170,170,170,140,110,110,110,110,170,-,-,$2.48,-,140
how to remove keylogger,0.47,3600,-,-,-,-,-,-,-,-,-,-,-,-,-,-,$0.05,-,-
how to remove koobface virus,0.33,320,-,-,-,-,-,-,-,-,-,-,-,-,-,-,$0.05,-,-
how to remove lsass exe virus,-,170,-,-,-,-,-,-,-,-,-,-,-,-,-,-,$0.05,-,-
how to remove lsass virus,0.2,210,-,-,-,-,-,-,-,-,-,-,-,-,-,-,$0.05,-,-
how to remove malware doctor,0.53,4400,-,-,-,-,-,-,-,-,-,-,-,-,-,-,$0.05,-,-
how to remove malware virus,0.47,880,-,-,-,-,-,-,-,-,-,-,-,-,-,-,$0.05,-,-
how to remove messenger virus,0.33,720,-,-,-,-,-,-,-,-,-,-,-,-,-,-,$0.05,-,-
how to remove msn messenger virus,0.27,110,-,-,-,-,-,-,-,-,-,-,-,-,-,-,$0.05,-,-
how to remove msn virus,0.4,1600,-,-,-,-,-,-,-,-,-,-,-,-,-,-,$0.05,-,-
how to remove new folder virus,0.33,1000,-,-,-,-,-,-,-,-,-,-,-,-,-,-,$0.05,-,-
how to remove pc virus,0.27,2400,-,-,-,-,-,-,-,-,-,-,-,-,-,-,$0.05,-,-
how to remove personal anti virus,0.27,480,-,-,-,-,-,-,-,-,-,-,-,-,-,-,$0.05,-,-
how to remove personal antivirus for free,-,210,-,-,-,-,-,-,-,-,-,-,-,-,-,-,$0.05,-,-
how to remove personal antivirus free,-,260,-,-,-,-,-,-,-,-,-,-,-,-,-,-,$0.05,-,-
how to remove personal antivirus program,0.2,170,-,-,-,-,-,-,-,-,-,-,-,-,-,-,$0.05,-,-
how to remove personal virus,-,1600,-,-,-,-,-,-,-,-,-,-,-,-,-,-,$0.05,-,-
how to remove pop up virus,0.2,210,-,-,-,-,-,-,-,-,-,-,-,-,-,-,$0.05,-,-
how to remove privacy center virus,0.2,210,-,-,-,-,-,-,-,-,-,-,-,-,-,-,$0.05,-,-
how to remove raila odinga virus,0.13,140,-,-,-,-,-,-,-,-,-,-,-,-,-,-,$0.05,-,-
how to remove redirect virus,0.27,1300,-,-,-,-,-,-,-,-,-,-,-,-,-,-,$0.05,-,-
how to remove registry virus,0.2,590,-,-,-,-,-,-,-,-,-,-,-,-,-,-,$0.05,-,-
how to remove rogue antivirus,-,320,-,-,-,-,-,-,-,-,-,-,-,-,-,-,$0.05,-,-
how to remove rogue spyware,0.2,170,-,-,-,-,-,-,-,-,-,-,-,-,-,-,$0.05,-,-
how to remove rogue virus,-,260,-,-,-,-,-,-,-,-,-,-,-,-,-,-,$0.05,-,-
how to remove rootkit virus,0.33,590,-,-,-,-,-,-,-,-,-,-,-,-,-,-,$0.05,-,-
how to remove sality virus,-,880,-,-,-,-,-,-,-,-,-,-,-,-,-,-,$0.05,-,-
how to remove spyware 2009,0.47,720,-,-,-,-,-,-,-,-,-,-,-,-,-,-,$0.05,-,-
how to remove spyware adware,0.73,1300,720,880,880,880,880,880,880,720,720,720,720,880,-,-,$0.00,-,880
how to remove spyware alert,0.47,170,-,-,-,-,-,-,-,-,-,-,-,-,-,-,$0.05,-,-
how to remove spyware and adware,0.8,720,480,480,590,590,590,590,480,390,390,390,480,590,-,-,$0.00,-,480
how to remove spyware and malware,0.47,140,-,-,-,-,-,-,-,-,-,-,-,-,-,-,$0.05,-,-
how to remove spyware and viruses,0.4,320,-,-,-,-,-,-,-,-,-,-,-,-,-,-,$0.05,-,-
how to remove spyware for free,0.8,880,480,390,590,590,590,720,720,720,720,480,480,720,-,-,$2.87,-,590
how to remove spyware free,0.8,1300,590,590,720,880,880,880,1000,880,880,720,720,1000,-,-,$3.28,-,880
how to remove spyware from a computer,0.47,170,-,-,-,-,-,-,-,-,-,-,-,-,-,-,$0.05,-,-
how to remove spyware from computer,0.73,1900,1300,1000,1600,1600,1600,1600,1900,1600,1300,1000,1300,1300,-,-,$2.91,-,1300
how to remove spyware from my computer,0.67,91,-,-,-,-,-,-,-,-,-,-,-,-,-,-,$0.05,-,-
how to remove spyware from my pc,0.6,170,-,-,-,-,-,-,-,-,-,-,-,-,-,-,$0.05,-,-
how to remove spyware from pc,0.73,480,-,-,-,-,-,-,-,-,-,-,-,-,-,-,$0.05,-,-
how to remove spyware from your computer,0.73,320,-,-,-,-,-,-,-,-,-,-,-,-,-,-,$0.05,-,-
how to remove spyware from your pc,0.6,170,-,-,-,-,-,-,-,-,-,-,-,-,-,-,$0.05,-,-
how to remove spyware guard 2008,0.53,91,-,-,-,-,-,-,-,-,-,-,-,-,-,-,$0.05,-,-
how to remove spyware infection,0.67,110,-,-,-,-,-,-,-,-,-,-,-,-,-,-,$0.05,-,-
how to remove spyware malware,0.6,320,-,-,-,-,-,-,-,-,-,-,-,-,-,-,$0.05,-,-
how to remove spyware protect 2009,0.53,480,-,-,-,-,-,-,-,-,-,-,-,-,-,-,$0.05,-,-
how to remove spyware protect,0.53,590,-,-,-,-,-,-,-,-,-,-,-,-,-,-,$0.05,-,-
how to remove spyware virus,0.73,590,-,-,-,-,-,-,-,-,-,-,-,-,-,-,$0.05,-,-
how to remove starware,0.53,170,91,73,91,91,91,73,110,73,110,110,73,91,-,-,$0.86,-,91
how to remove svchost exe virus,-,880,-,-,-,-,-,-,-,-,-,-,-,-,-,-,$0.05,-,-
how to remove svchost virus,0.47,1300,-,-,-,-,-,-,-,-,-,-,-,-,-,-,$0.05,-,-
how to remove system security virus,0.27,320,-,-,-,-,-,-,-,-,-,-,-,-,-,-,$0.05,-,-
how to remove the trojan horse virus,0.47,170,-,-,-,-,-,-,-,-,-,-,-,-,-,-,$0.05,-,-
how to remove the trojan virus,0.6,480,-,-,-,-,-,-,-,-,-,-,-,-,-,-,$0.05,-,-
how to remove the virus,0.53,4400,-,-,-,-,-,-,-,-,-,-,-,-,-,-,$0.05,-,-
how to remove trojan dropper virus,0.4,91,-,-,-,-,-,-,-,-,-,-,-,-,-,-,$0.05,-,-
how to remove trojan horse generic,0.4,720,-,-,-,-,-,-,-,-,-,-,-,-,-,-,$0.05,-,-
how to remove trojan horse virus from computer,0.47,320,-,-,-,-,-,-,-,-,-,-,-,-,-,-,$0.05,-,-
how to remove trojan horse virus,0.87,2400,1000,1000,1300,1300,1300,1600,1600,1600,1300,1300,1600,1600,-,-,$1.54,-,1300
how to remove trojan spyware,0.67,140,-,-,-,-,-,-,-,-,-,-,-,-,-,-,$0.05,-,-
how to remove trojan virus for free,0.47,720,-,-,-,-,-,-,-,-,-,-,-,-,-,-,$0.05,-,-
how to remove trojan virus free,0.4,1000,-,-,-,-,-,-,-,-,-,-,-,-,-,-,$0.05,-,-
how to remove trojan virus from computer,0.73,110,-,-,-,-,-,-,-,-,-,-,-,-,-,-,$0.05,-,-
how to remove trojan virus manually,0.13,880,-,-,-,-,-,-,-,-,-,-,-,-,-,-,$0.05,-,-
how to remove trojans,0.73,2900,1300,1000,1300,1300,1300,1600,1600,1300,1300,1000,1600,1900,-,-,$1.72,-,1300
how to remove usb virus,0.27,1300,-,-,-,-,-,-,-,-,-,-,-,-,-,-,$0.05,-,-
how to remove virus and spyware,0.67,110,-,-,-,-,-,-,-,-,-,-,-,-,-,-,$0.05,-,-
how to remove virus doctor,0.4,320,-,-,-,-,-,-,-,-,-,-,-,-,-,-,$0.05,-,-
how to remove virus for free,0.33,2400,-,-,-,-,-,-,-,-,-,-,-,-,-,-,$0.05,-,-
how to remove virus free,0.33,3600,-,-,-,-,-,-,-,-,-,-,-,-,-,-,$0.05,-,-
how to remove virus from computer for free,0.27,880,-,-,-,-,-,-,-,-,-,-,-,-,-,-,$0.05,-,-
how to remove virus from the computer,0.2,140,-,-,-,-,-,-,-,-,-,-,-,-,-,-,$0.05,-,-
how to remove virus in computer,0.2,320,-,-,-,-,-,-,-,-,-,-,-,-,-,-,$0.05,-,-
how to remove virus on computer,0.27,260,-,-,-,-,-,-,-,-,-,-,-,-,-,-,$0.05,-,-
how to remove virus trojan horse,0.47,2400,1000,1000,1300,1300,1300,1600,1600,1600,1300,1300,1600,1600,-,-,$1.29,-,1300
how to remove virus trojan horse,0.47,2400,1000,1000,1300,1300,1300,1600,1600,1600,1300,1300,1600,1600,-,-,$1.48,-,1300
how to remove virus without antivirus,0.33,3600,-,-,-,-,-,-,-,-,-,-,-,-,-,-,$0.05,-,-
how to remove virus without using antivirus program,0.13,1900,-,-,-,-,-,-,-,-,-,-,-,-,-,-,$0.05,-,-
how to remove virus without using antivirus,0.27,140,-,-,-,-,-,-,-,-,-,-,-,-,-,-,$0.05,-,-
how to remove virut virus,-,260,-,-,-,-,-,-,-,-,-,-,-,-,-,-,$0.05,-,-
how to remove vista antivirus,0.2,2900,-,-,-,-,-,-,-,-,-,-,-,-,-,-,$0.05,-,-
how to remove vundo virus,0.53,320,-,-,-,-,-,-,-,-,-,-,-,-,-,-,$0.05,-,-
how to remove w32 virus,0.47,880,-,-,-,-,-,-,-,-,-,-,-,-,-,-,$0.05,-,-
how to remove win 32 virus,-,110,-,-,-,-,-,-,-,-,-,-,-,-,-,-,$0.05,-,-
how to remove win32 virus,0.53,2400,-,-,-,-,-,-,-,-,-,-,-,-,-,-,$0.05,-,-
how to remove windows antivirus 2009,0.2,140,-,-,-,-,-,-,-,-,-,-,-,-,-,-,$0.05,-,-
how to remove windows antivirus,0.2,1900,-,-,-,-,-,-,-,-,-,-,-,-,-,-,$0.05,-,-
how to remove winlogon exe virus,-,110,-,-,-,-,-,-,-,-,-,-,-,-,-,-,$0.05,-,-
how to remove worm from computer,-,320,-,-,-,-,-,-,-,-,-,-,-,-,-,-,$0.05,-,-
how to remove worm virus,0.6,1300,-,-,-,-,-,-,-,-,-,-,-,-,-,-,$0.05,-,-
how to report identity theft,0.87,1900,1600,1900,1900,1900,1900,1600,1600,1600,1600,1300,1600,1300,-,-,$2.95,-,1600
how to scan computer for virus,-,260,-,-,-,-,-,-,-,-,-,-,-,-,-,-,$0.05,-,-
how to speed a computer up,0.33,2400,1600,1600,1600,1600,1900,1600,1600,1600,1900,1600,1600,1900,-,-,$0.00,-,1600
how to speed my computer up for free,0.33,720,-,-,-,-,-,-,-,-,-,-,-,-,-,-,$0.05,-,-
how to speed up a computer,0.87,2400,1600,1600,1600,1600,1900,1600,1600,1600,1900,1600,1600,1900,-,-,$1.59,-,1600
how to speed up a slow computer,0.87,590,390,480,480,480,590,480,480,480,390,480,480,590,-,-,$1.67,-,480
how to speed up an old computer,0.67,140,-,-,-,-,-,-,-,-,-,-,-,-,-,-,$0.05,-,-
how to speed up computer and,0.33,260,-,-,-,-,-,-,-,-,-,-,-,-,-,-,$0.05,-,-
how to speed up computer at,0.33,110,-,-,-,-,-,-,-,-,-,-,-,-,-,-,$0.05,-,-
how to speed up computer boot up,0.6,110,-,-,-,-,-,-,-,-,-,-,-,-,-,-,$0.05,-,-
how to speed up computer boot,0.6,260,-,-,-,-,-,-,-,-,-,-,-,-,-,-,$0.05,-,-
how to speed up computer by,0.4,140,-,-,-,-,-,-,-,-,-,-,-,-,-,-,$0.05,-,-
how to speed up computer for free,0.67,320,-,-,-,-,-,-,-,-,-,-,-,-,-,-,$0.05,-,-
how to speed up computer for gaming,0.47,110,-,-,-,-,-,-,-,-,-,-,-,-,-,-,$0.05,-,-
how to speed up computer for,0.47,1900,-,-,-,-,-,-,-,-,-,-,-,-,-,-,$0.05,-,-
how to speed up computer free,0.67,1900,-,-,-,-,-,-,-,-,-,-,-,-,-,-,$0.05,-,-
how to speed up computer games,0.53,210,-,-,-,-,-,-,-,-,-,-,-,-,-,-,$0.05,-,-
how to speed up computer internet,0.53,210,-,-,-,-,-,-,-,-,-,-,-,-,-,-,$0.05,-,-
how to speed up computer memory,0.4,110,-,-,-,-,-,-,-,-,-,-,-,-,-,-,$0.05,-,-
how to speed up computer on,0.33,480,-,-,-,-,-,-,-,-,-,-,-,-,-,-,$0.05,-,-
how to speed up computer performance vista,0.47,110,-,-,-,-,-,-,-,-,-,-,-,-,-,-,$0.05,-,-
how to speed up computer performance,0.73,880,-,-,-,-,-,-,-,-,-,-,-,-,-,-,$0.05,-,-
how to speed up computer speed,0.67,210,-,-,-,-,-,-,-,-,-,-,-,-,-,-,$0.05,-,-
how to speed up computer start up time,0.4,110,-,-,-,-,-,-,-,-,-,-,-,-,-,-,$0.05,-,-
how to speed up computer start up,0.67,390,-,-,-,-,-,-,-,-,-,-,-,-,-,-,$0.05,-,-
how to speed up computer startup,0.67,320,-,-,-,-,-,-,-,-,-,-,-,-,-,-,$0.05,-,-
how to speed up computer system,0.53,110,-,-,-,-,-,-,-,-,-,-,-,-,-,-,$0.05,-,-
how to speed up computer using,0.2,260,-,-,-,-,-,-,-,-,-,-,-,-,-,-,$0.05,-,-
how to speed up computer vista,0.53,1600,-,-,-,-,-,-,-,-,-,-,-,-,-,-,$0.05,-,-
how to speed up computer with vista,0.47,110,-,-,-,-,-,-,-,-,-,-,-,-,-,-,$0.05,-,-
how to speed up computer with,0.4,390,-,-,-,-,-,-,-,-,-,-,-,-,-,-,$0.05,-,-
how to speed up computer without,0.33,140,-,-,-,-,-,-,-,-,-,-,-,-,-,-,$0.05,-,-
how to speed up computer xp,0.47,1600,-,-,-,-,-,-,-,-,-,-,-,-,-,-,$0.05,-,-
how to speed up my computer for free,0.73,720,-,-,-,-,-,-,-,-,-,-,-,-,-,-,$0.05,-,-
how to speed up my computer free,0.6,170,-,-,-,-,-,-,-,-,-,-,-,-,-,-,$0.05,-,-
how to speed up my computer vista,0.6,140,-,-,-,-,-,-,-,-,-,-,-,-,-,-,$0.05,-,-
how to speed up my computer xp,0.6,170,-,-,-,-,-,-,-,-,-,-,-,-,-,-,$0.05,-,-
how to speed up my pc,0.93,3600,1900,1900,1900,1900,1900,1900,1900,1300,1300,880,1000,1000,-,-,$1.66,-,1600
how to speed up my vista computer,0.53,140,-,-,-,-,-,-,-,-,-,-,-,-,-,-,$0.05,-,-
how to speed up my xp computer,0.47,170,-,-,-,-,-,-,-,-,-,-,-,-,-,-,$0.05,-,-
how to speed up old computer,0.6,320,-,-,-,-,-,-,-,-,-,-,-,-,-,-,$0.05,-,-
how to speed up slow computer,0.8,880,-,-,-,-,-,-,-,-,-,-,-,-,-,-,$0.05,-,-
how to speed up the computer,0.8,590,320,320,320,390,390,390,320,320,390,260,320,320,-,-,$1.28,-,320
how to speed up ur computer,0.6,140,-,-,-,-,-,-,-,-,-,-,-,-,-,-,$0.05,-,-
how to speed up you computer,0.67,91,-,-,-,-,-,-,-,-,-,-,-,-,-,-,$0.05,-,-
how to speed up your computer for free,0.67,390,-,-,-,-,-,-,-,-,-,-,-,-,-,-,$0.05,-,-
how to speed up your computer free,0.6,210,-,-,-,-,-,-,-,-,-,-,-,-,-,-,$0.05,-,-
how to speed up your computer vista,0.47,390,-,-,-,-,-,-,-,-,-,-,-,-,-,-,$0.05,-,-
how to speed up your computer windows xp,0.47,170,-,-,-,-,-,-,-,-,-,-,-,-,-,-,$0.05,-,-
how to speed up your computer xp,0.53,320,-,-,-,-,-,-,-,-,-,-,-,-,-,-,$0.05,-,-
how to speed up your vista computer,0.47,390,-,-,-,-,-,-,-,-,-,-,-,-,-,-,$0.05,-,-
how to stop a computer virus,0.27,320,-,-,-,-,-,-,-,-,-,-,-,-,-,-,$0.05,-,-
how to stop a trojan virus,-,91,-,-,-,-,-,-,-,-,-,-,-,-,-,-,$0.05,-,-
how to stop a virus,0.47,1000,-,-,-,-,-,-,-,-,-,-,-,-,-,-,$0.05,-,-
how to stop antivirus system pro,-,110,-,-,-,-,-,-,-,-,-,-,-,-,-,-,$0.05,-,-
how to stop computer virus,0.47,480,-,-,-,-,-,-,-,-,-,-,-,-,-,-,$0.05,-,-
how to stop computer viruses,0.47,590,-,-,-,-,-,-,-,-,-,-,-,-,-,-,$0.05,-,-
how to stop identity theft,0.93,1000,880,880,1000,880,1000,1000,1000,1000,1000,880,720,720,-,-,$2.86,-,880
how to stop trojan virus,-,210,-,-,-,-,-,-,-,-,-,-,-,-,-,-,$0.05,-,-
how to stop virus on computer,-,170,-,-,-,-,-,-,-,-,-,-,-,-,-,-,$0.05,-,-
how to stop viruses,0.53,1600,590,590,720,720,880,720,720,590,590,390,590,590,-,-,$3.57,-,590
how to take a virus off your computer,-,210,-,-,-,-,-,-,-,-,-,-,-,-,-,-,$0.05,-,-
how to take virus off computer for free,-,140,-,-,-,-,-,-,-,-,-,-,-,-,-,-,$0.05,-,-
how to take virus off computer,-,590,-,-,-,-,-,-,-,-,-,-,-,-,-,-,$0.05,-,-
how to test antivirus program,-,110,-,-,-,-,-,-,-,-,-,-,-,-,-,-,$0.05,-,-
how to test antivirus,0.2,880,-,-,-,-,-,-,-,-,-,-,-,-,-,-,$0.05,-,-
how to test my antivirus,0.4,110,-,-,-,-,-,-,-,-,-,-,-,-,-,-,$0.05,-,-
how to test your antivirus,-,210,-,-,-,-,-,-,-,-,-,-,-,-,-,-,$0.05,-,-
how to use antivirus software,0.27,110,-,-,-,-,-,-,-,-,-,-,-,-,-,-,$0.05,-,-
how to use antivirus,0.13,2400,-,-,-,-,-,-,-,-,-,-,-,-,-,-,$0.05,-,-
id theft protect,0.67,1000,720,720,590,880,1000,880,720,1300,1000,880,720,720,-,-,$2.23,-,880
identify theft protection,0.87,590,-,-,-,-,-,-,-,-,-,-,-,-,-,-,$0.05,-,-
identity fraud protection,1,4400,2900,3600,2900,2900,4400,4400,4400,4400,3600,2900,2400,2400,-,-,$6.15,-,3600
identity protection plan,0.87,2900,1900,1600,1900,1600,1900,1900,2400,1600,5400,1600,1300,1600,-,-,$3.94,-,1900
identity theft and fraud,1,4400,2900,2900,2900,2900,3600,3600,3600,3600,3600,2900,2900,2900,-,-,$4.77,-,3600
identity theft and protection,0.8,1000,-,-,-,-,-,-,-,-,-,-,-,-,-,-,$0.05,-,-
identity theft articles,0.93,3600,1900,2400,2900,3600,3600,3600,2900,2400,3600,2900,2400,2400,-,-,$1.87,-,2900
identity theft assistance,1,1300,880,880,1000,880,1300,1000,880,880,1000,880,880,1300,-,-,$5.96,-,1000
identity theft check,0.93,3600,2900,3600,2900,3600,4400,3600,2900,2900,2400,2400,2400,2400,-,-,$5.26,-,2900
identity theft coverage,1,1900,1600,1900,1600,1900,2400,1900,1900,1900,1300,1000,880,1000,-,-,$5.94,-,1600
identity theft definition,0.87,2900,1600,1900,2900,2900,2900,2400,2400,2400,2900,4400,2900,1300,-,-,$1.98,-,2400
identity theft facts,0.93,3600,1900,2400,3600,3600,3600,2900,2900,2900,3600,3600,3600,2400,-,-,$2.18,-,2900
identity theft fraud alert,0.8,880,590,720,720,720,880,720,720,720,1000,880,880,590,-,-,$7.56,-,720
identity theft fraud protection,0.93,1000,720,720,720,590,1000,1000,1300,1300,880,1000,720,880,-,-,$4.90,-,880
identity theft ftc,0.73,3600,2900,3600,3600,3600,3600,2900,2900,2900,3600,3600,2900,2900,-,-,$4.11,-,2900
identity theft gov,0.8,720,480,390,480,720,880,880,590,590,720,590,480,590,-,-,$2.88,-,590
identity theft help,1,2900,2900,2900,2900,2900,2900,2900,2900,2900,2400,2400,1900,1600,-,-,$5.80,-,2400
identity theft hotline,0.87,880,720,720,590,720,1000,1000,1000,880,720,590,590,590,-,-,$5.07,-,720
identity theft information,1,4400,2900,2900,3600,3600,4400,4400,3600,3600,4400,3600,2900,2400,-,-,$5.23,-,3600
identity theft letter,0.73,1000,880,880,720,880,1000,1000,720,720,880,720,880,880,-,-,$1.72,-,880
identity theft on the internet,0.93,1000,720,880,880,880,1000,880,880,1000,1300,1000,720,480,-,-,$3.45,-,880
identity theft protection reviews,0.87,1600,-,-,-,-,-,-,-,-,-,-,-,-,-,-,$0.05,-,-
identity theft protection service,0.93,1300,-,-,-,-,-,-,-,-,-,-,-,-,-,-,$0.05,-,-
identity theft recovery,1,1600,1000,1000,1000,1000,1300,1300,1000,1000,1600,2400,2400,880,-,-,$4.02,-,1300
identity theft resource center,1,2900,1900,1900,2400,2400,2900,2400,2900,2400,2900,3600,2900,2900,-,-,$4.09,-,2400
identity theft resources,0.93,1300,880,1000,1300,1000,1300,1300,1600,1300,1300,1300,1000,720,-,-,$0.37,-,1300
identity theft shield,1,4400,3600,3600,3600,3600,4400,4400,5400,4400,3600,4400,3600,4400,-,-,$5.22,-,4400
identity theft solutions,1,2900,1900,1900,2400,2900,2900,2400,1900,2400,2900,1900,2400,1900,-,-,$4.15,-,2400
identity theft stories,0.87,3600,1900,1900,2900,4400,4400,3600,2900,2900,3600,2900,2400,1900,-,-,$1.94,-,2900
identity theft story,0.87,1900,720,1000,1300,2400,1900,2400,1600,1000,1900,1000,1600,880,-,-,$2.70,-,1600
identity theft tips,0.93,2900,1900,2400,2400,2900,2900,2900,2900,2400,2900,2400,1900,1600,-,-,$2.97,-,2400
identity theft video,0.93,1600,1000,1000,1600,1300,1300,1300,1300,1000,1300,1600,1600,880,-,-,$5.04,-,1300
identity theft what to do,0.93,4400,3600,3600,4400,4400,5400,4400,3600,3600,3600,3600,3600,2900,-,-,$2.96,-,4400
identity thefts,0.87,1300,720,720,1000,1300,1300,1300,880,880,1300,880,880,880,-,-,$2.91,-,1000
identitytheft,1,3600,1600,1600,1600,1900,1900,2400,2400,1600,1900,2400,2400,1900,-,-,$3.64,-,1900
identiy theft,0.8,2400,-,-,-,-,-,-,-,-,-,-,-,-,-,-,$0.05,-,-
identy theft,0.87,3600,2900,2900,3600,3600,4400,3600,3600,2900,3600,2900,3600,2900,-,-,$5.88,-,3600
iloveyou computer virus,0.27,140,-,-,-,-,-,-,-,-,-,-,-,-,-,-,$0.05,-,-
improving computer performance,0.87,1000,390,590,880,590,590,590,590,590,590,590,590,720,-,-,$1.77,-,590
infected trojan horse,-,880,-,-,-,-,-,-,-,-,-,-,-,-,-,-,$0.05,-,-
information on identity theft,1,1300,1000,1000,1300,1300,1300,1300,1300,1000,1000,880,590,480,-,-,$4.46,-,1000
insecure internet activity threat of virus attack,0.33,1900,-,-,-,-,-,-,-,-,-,-,-,-,-,-,$0.05,-,-
install computer virus,0.27,1000,-,-,-,-,-,-,-,-,-,-,-,-,-,-,$0.05,-,-
internet security 2009 reviews,0.67,1300,-,-,-,-,-,-,-,-,-,-,-,-,-,-,$0.05,-,-
internet security services,0.93,3600,1900,1900,1600,1600,1900,1900,1900,1900,1900,2400,1600,1900,-,-,$5.98,-,1900
internet security solution,1,2900,1000,1300,1300,3600,1600,1600,1300,1300,1600,880,880,1000,-,-,$6.40,-,1300
internet security solutions,0.93,1900,720,880,880,880,1000,880,1000,1300,880,880,880,1000,-,-,$6.13,-,880
internetsecurity 2009,0.53,1900,-,-,-,-,-,-,-,-,-,-,-,-,-,-,$0.05,-,-
internetsecurity software,0.47,390,-,-,-,-,-,-,-,-,-,-,-,-,-,-,$0.05,-,-
keyboard keylogger,0.73,3600,880,1000,1000,1000,1000,1000,1300,1300,1300,1000,1000,1300,-,-,$1.17,-,1000
keylogger detection software,0.53,480,-,-,-,-,-,-,-,-,-,-,-,-,-,-,$0.05,-,-
keylogger downloads,0.8,2900,590,590,720,720,1000,1000,720,720,880,880,880,880,-,-,$1.03,-,880
keylogger for windows,0.47,3600,-,-,-,-,-,-,-,-,-,-,-,-,-,-,$0.05,-,-
keylogger free downloads,0.47,1300,260,260,390,390,590,590,480,390,390,590,390,590,-,-,$1.05,-,480
keylogger programs,0.87,2400,1000,1000,1000,1000,1300,1000,1000,1000,1300,1300,1300,1300,-,-,$1.83,-,1000
keylogger removal free,0.33,1300,390,480,590,1300,1000,1000,590,720,1000,720,480,590,-,-,$1.31,-,720
keylogger scanner,0.8,2400,1000,1000,1000,1000,880,720,1000,720,720,720,590,880,-,-,$1.61,-,880
keylogger shareware,0.73,880,260,260,260,320,390,390,320,390,480,390,390,390,-,-,$1.59,-,390
keylogger spy software,0.8,4400,720,720,720,880,880,880,880,720,1000,880,880,1000,-,-,$1.77,-,880
keyloggers download,0.6,3600,480,390,590,590,720,880,480,720,880,590,880,880,-,-,$1.27,-,720
keystroke keylogger,0.67,1300,320,260,390,480,590,590,590,480,480,590,590,480,-,-,$2.40,-,480
kill keylogger,0.53,320,46,46,36,91,36,58,36,16,36,36,28,22,-,-,$1.06,-,46
lost wallet identity theft,0.73,320,-,-,-,-,-,-,-,-,-,-,-,-,-,-,$0.05,-,-
lsass exe removal,0.6,4400,880,1000,1900,1600,2400,2400,1300,1300,1900,1900,1600,1900,-,-,$0.65,-,1600
lsass virus removal,0.67,720,320,320,390,260,480,590,210,260,390,320,390,480,-,-,$0.75,-,390
lsass.exe worm,0.47,720,170,260,320,390,390,390,320,260,260,390,210,260,-,-,$0.67,-,320
malware removal tools,0.87,2900,1300,1000,1000,1600,1900,1900,1900,2400,2400,1600,1900,1900,-,-,$1.68,-,1600
malware removal tools,0.87,2900,1300,1000,1000,1600,1900,1900,1900,2400,2400,1600,1900,1900,-,-,$1.69,-,1600
malware removal tools,0.87,2900,1300,1000,1000,1600,1900,1900,1900,2400,2400,1600,1900,1900,-,-,$1.70,-,1600
malware trojan horse,0.4,1300,-,-,-,-,-,-,-,-,-,-,-,-,-,-,$0.05,-,-
meaning of computer virus,0.53,320,16,0,36,73,58,58,36,36,58,36,46,46,-,-,$1.54,-,36
meaning of computer virus,0.53,320,16,0,36,73,58,58,36,36,58,36,46,46,-,-,$1.60,-,36
medical identity theft,0.87,4400,2900,4400,4400,4400,5400,3600,3600,3600,3600,3600,2900,2900,-,-,$3.29,-,3600
melissa computer virus,0.73,2400,590,720,1300,1300,2900,2900,1000,1000,1600,2900,3600,720,-,-,$1.31,-,1600
mirar virus,0.6,1300,170,260,260,320,320,590,480,480,590,480,720,720,-,-,$2.36,-,480
morris virus,0.27,590,-,-,-,-,-,-,-,-,-,-,-,-,-,-,$0.05,-,-
my computer runs slow,0.93,2900,1900,1900,1900,2400,2400,2400,2400,1900,1900,1600,1600,1900,-,-,$2.41,-,1900
mydoom virus removal,0.67,320,-,-,-,-,-,-,-,-,-,-,-,-,-,-,$0.05,-,-
newest computer viruses,0.53,320,170,210,210,210,320,260,210,210,320,210,590,210,-,-,$1.25,-,260
newest computer viruses,0.53,320,170,210,210,210,320,260,210,210,320,210,590,210,-,-,$1.27,-,260
nimda computer virus,0.4,91,-,-,-,-,-,-,-,-,-,-,-,-,-,-,$0.05,-,-
on site computer repair,1,4400,3600,3600,2900,2400,4400,2400,1900,3600,3600,2400,4400,2900,-,-,$4.90,-,2900
on site computer service,1,1900,1300,1600,1300,1600,1900,1300,1300,1000,1300,1000,1300,1600,-,-,$2.81,-,1300
pc performance slow,0.87,4400,1600,1900,1900,1900,1900,1900,1600,1600,1600,1600,1600,1600,-,-,$1.65,-,1900
personal identity theft,0.93,1900,1600,1300,1600,1900,1900,1900,1900,1900,1900,1600,1600,1300,-,-,$4.17,-,1600
polymorphic computer virus,0.33,110,-,-,-,-,-,-,-,-,-,-,-,-,-,-,$0.05,-,-
pop up spyware,0.87,4400,1300,1600,1900,1900,3600,5400,3600,3600,3600,2900,3600,5400,-,-,$3.12,-,2900
preventing identity theft,1,4400,2900,2900,2900,3600,3600,3600,4400,3600,3600,3600,2900,2400,-,-,$4.53,-,3600
professional internet security,0.6,3600,1300,1300,1600,1600,1900,2400,1300,1300,1600,1300,1900,2400,-,-,$3.39,-,1600
project1 virus,0.4,1300,260,260,320,390,320,390,210,320,210,210,320,390,-,-,$0.40,-,320
protect against identity theft,1,1900,1300,1300,1600,1600,1900,1600,1600,1900,1900,1600,1600,1300,-,-,$4.56,-,1600
protect my identity,0.93,1600,1300,1600,1600,1300,1600,1300,1600,1600,1000,880,1000,720,-,-,$5.82,-,1300
protect social security number,0.8,720,-,-,-,-,-,-,-,-,-,-,-,-,-,-,$0.05,-,-
protecting against identity theft,0.93,480,320,320,320,320,590,480,390,390,590,390,390,390,-,-,$4.88,-,390
protecting identity,0.8,4400,2900,2900,3600,3600,3600,3600,3600,3600,3600,2900,2900,2400,-,-,$3.48,-,3600
protecting your identity,0.87,1300,1000,1300,1300,1300,1300,1300,1000,1300,1300,1000,720,720,-,-,$3.95,-,1000
protection against identity theft,1,1600,720,880,720,880,1000,1900,1000,1000,1300,1000,2900,1000,-,-,$5.01,-,1300
protection from identity theft,1,2400,1900,1900,1600,1600,1900,1900,2400,1900,1900,1900,1600,1300,-,-,$5.95,-,1900
ps2 keylogger,0.47,2400,-,-,-,-,-,-,-,-,-,-,-,-,-,-,$0.05,-,-
remote install keylogger,0.73,3600,1300,1300,1600,1600,1600,1600,1600,1300,1300,1300,1300,1600,-,-,$0.78,-,1600
remote installation keylogger,0.6,2900,720,720,720,720,880,880,720,880,720,720,880,720,-,-,$0.75,-,720
remote keylogger software,0.67,1000,-,-,-,-,-,-,-,-,-,-,-,-,-,-,$0.05,-,-
removal antivirus 360,0.6,880,-,-,-,-,-,-,-,-,-,-,-,-,-,-,$0.05,-,-
removal of spyware,1,4400,1900,1900,2900,2900,3600,3600,3600,3600,3600,2400,3600,4400,-,-,$3.05,-,2900
removal trojan zlob,0.6,2400,590,1000,880,1000,1300,1300,1300,1600,2400,1300,1900,1900,-,-,$0.00,-,1300
remove a trojan horse virus,0.6,880,-,-,-,-,-,-,-,-,-,-,-,-,-,-,$0.05,-,-
remove a trojan horse,0.73,2400,1000,1000,1300,1300,1600,1600,1300,1600,1600,1300,1600,1900,-,-,$1.43,-,1300
remove ad ware,0.87,1000,390,480,590,590,1000,1300,880,880,720,880,880,1300,-,-,$2.33,-,880
remove antivirus pro 2009,0.47,1600,-,-,-,-,-,-,-,-,-,-,-,-,-,-,$0.05,-,-
remove antivirus xp pro,0.4,1900,-,-,-,-,-,-,-,-,-,-,-,-,-,-,$0.05,-,-
remove bagle virus,0.53,320,91,110,140,170,170,170,110,140,210,140,140,170,-,-,$1.44,-,140
remove bagle worm,0.53,390,-,-,-,-,-,-,-,-,-,-,-,-,-,-,$0.05,-,-
remove bagle,0.6,2400,590,480,720,880,880,1000,590,590,880,590,720,1000,-,-,$0.72,-,720
remove computer spyware,0.8,4400,2400,2400,3600,3600,4400,4400,4400,3600,3600,2900,3600,4400,-,-,$3.72,-,3600
remove computer trojan,0.47,2400,1300,1000,1600,1600,1600,1900,1600,1600,1600,1000,1600,2400,-,-,$1.78,-,1600
remove computer virus for free,0.27,1300,-,-,-,-,-,-,-,-,-,-,-,-,-,-,$0.05,-,-
remove computer virus free,0.27,1900,-,-,-,-,-,-,-,-,-,-,-,-,-,-,$0.05,-,-
remove computer worm,0.53,880,-,-,-,-,-,-,-,-,-,-,-,-,-,-,$0.05,-,-
remove confiker,0.4,880,-,-,-,-,-,-,-,-,-,-,-,-,-,-,$0.05,-,-
remove cool web search,0.73,320,140,110,140,210,480,590,260,210,170,210,260,480,-,-,$1.33,-,260
remove dialer,0.87,2900,880,880,1600,1600,2900,3600,1900,2400,2900,2400,2900,2900,-,-,$0.61,-,2400
remove dnschanger,0.4,880,-,-,-,-,-,-,-,-,-,-,-,-,-,-,$0.05,-,-
remove internet optimizer,0.67,880,260,210,320,390,720,880,390,480,590,480,590,880,-,-,$2.02,-,480
remove keyloggers,0.73,2900,1000,1000,1000,1000,1300,1000,1000,880,1000,880,880,1000,-,-,$1.10,-,1000
remove lsass virus,0.53,480,170,140,260,260,210,140,91,91,73,210,170,170,-,-,$0.59,-,170
remove malicious virus,-,210,-,-,-,-,-,-,-,-,-,-,-,-,-,-,$0.05,-,-
remove mirar,0.8,4400,1000,1300,1600,1900,2400,2900,2400,3600,3600,2900,4400,4400,-,-,$1.66,-,2900
remove popups,0.93,3600,1300,1300,1600,1900,2400,2400,2400,2400,2400,1900,1900,2400,-,-,$1.96,-,1900
remove rootkit virus,0.47,1300,-,-,-,-,-,-,-,-,-,-,-,-,-,-,$0.05,-,-
remove security toolbar 7.1,0.53,320,-,-,-,-,-,-,-,-,-,-,-,-,-,-,$0.05,-,-
remove security toolbar,0.73,1300,480,480,590,1000,880,1000,720,720,1000,880,480,590,-,-,$1.11,-,720
remove spyfalcon,0.6,260,58,36,110,110,170,260,46,390,480,210,480,260,-,-,$0.31,-,210
remove spyware and adware,1,2900,1600,1600,1900,1900,2400,2900,2400,2400,2400,2400,2400,2900,-,-,$3.35,-,2400
remove spyware quake,1,720,110,140,260,320,480,720,260,390,390,390,590,1000,-,-,$2.12,-,390
remove surfsidekick,0.6,390,73,73,140,140,320,480,91,320,480,260,390,480,-,-,$1.60,-,260
remove torjan horse,0.2,390,-,-,-,-,-,-,-,-,-,-,-,-,-,-,$0.05,-,-
remove trojan horse backdoor,0.53,720,-,-,-,-,-,-,-,-,-,-,-,-,-,-,$0.05,-,-
remove trojan horse downloader,0.67,1000,260,260,390,480,720,1000,390,720,720,480,720,1000,-,-,$2.05,-,590
remove trojan horse generic,0.47,2400,-,-,-,-,-,-,-,-,-,-,-,-,-,-,$0.05,-,-
remove trojan horse psw,0.4,390,-,-,-,-,-,-,-,-,-,-,-,-,-,-,$0.05,-,-
remove trojan horse sheur2,0.33,260,-,-,-,-,-,-,-,-,-,-,-,-,-,-,$0.05,-,-
remove trojan horse virus free,0.73,390,140,140,170,210,390,480,260,320,390,260,320,480,-,-,$1.62,-,320
remove trojan horse viruses,0.53,260,-,-,-,-,-,-,-,-,-,-,-,-,-,-,$0.05,-,-
remove trojan horse vundo,0.2,320,-,-,-,-,-,-,-,-,-,-,-,-,-,-,$0.05,-,-
remove virtumonde,0.73,3600,1300,1300,1600,2900,1900,2400,2400,2400,2400,1900,2400,2900,-,-,$1.54,-,1900
remove virus on computer,0.4,720,-,-,-,-,-,-,-,-,-,-,-,-,-,-,$0.05,-,-
remove vundo virus,0.67,1000,320,260,390,720,880,1300,1000,1300,1300,1000,880,1000,-,-,$1.44,-,880
remove vundo virus,0.67,1000,320,260,390,720,880,1300,1000,1300,1300,1000,880,1000,-,-,$1.48,-,880
remove vundo virus,0.67,1000,320,260,390,720,880,1300,1000,1300,1300,1000,880,1000,-,-,$1.49,-,880
remove vx2,0.67,480,210,170,260,320,590,880,320,320,320,260,480,720,-,-,$1.20,-,390
remove winfixer,0.8,1900,590,720,880,880,1300,1900,480,1300,2400,1000,1600,1600,-,-,$1.21,-,1300
remove zlob trojan,0.67,1600,590,720,720,1000,880,880,1000,1000,1600,1000,1300,1000,-,-,$1.14,-,1000
removing antivirus 2009,0.53,720,-,-,-,-,-,-,-,-,-,-,-,-,-,-,$0.05,-,-
removing computer virus,0.87,1900,1300,1000,1000,1000,1300,1600,1600,1600,1300,880,1000,1300,-,-,$3.19,-,1300
removing computer viruses,0.8,1000,880,590,720,880,880,880,880,1000,1000,720,880,1000,-,-,$3.65,-,880
removing mirar,0.67,390,110,110,140,170,170,260,170,320,390,320,480,390,-,-,$1.69,-,260
removing spyware protect 2009,0.47,110,-,-,-,-,-,-,-,-,-,-,-,-,-,-,$0.05,-,-
removing trojan horse,0.87,2900,1600,1600,1900,1900,1900,2400,1900,1600,1600,1600,1900,2400,-,-,$2.29,-,1900
reporting identity fraud,0.67,390,260,260,320,210,320,320,320,260,390,320,210,260,-,-,$3.02,-,260
reporting identity theft,1,3600,2900,2900,3600,2900,3600,3600,2900,2900,3600,2900,2900,2900,-,-,$3.85,-,2900
rootkit virus removal,0.6,1600,-,-,-,-,-,-,-,-,-,-,-,-,-,-,$0.05,-,-
scan keylogger,0.53,3600,1600,1300,1900,1600,1600,1300,1600,1300,1300,1300,1000,1300,-,-,$1.61,-,1300
scan trojan horse,0.47,1300,390,480,590,590,1000,1300,880,880,1000,880,1000,1300,-,-,$2.02,-,880
security toolbar 7.1 removal,0.47,480,-,-,-,-,-,-,-,-,-,-,-,-,-,-,$0.05,-,-
security toolbar removal,0.6,880,260,210,390,880,590,880,590,1000,1900,590,480,260,-,-,$1.49,-,720
shield anti virus,0.87,2900,590,720,880,1000,1300,1300,880,1000,1900,1000,1300,1600,-,-,$1.63,-,1000
shield anti virus,0.87,2900,590,720,880,1000,1300,1300,880,1000,1900,1000,1300,1600,-,-,$1.92,-,1000
slow computer help,1,3600,2400,2900,2900,2400,2900,2400,1900,2400,2900,1900,2400,2900,-,-,$2.56,-,2400
slow computer problem,1,2900,720,720,720,720,1600,2900,4400,5400,5400,2900,3600,3600,-,-,$1.59,-,2900
slow defrag,0.6,1600,720,720,880,720,880,720,720,720,720,590,720,720,-,-,$0.89,-,720
slow pc performance,1,4400,1600,1900,1900,1900,1900,1900,1600,1600,1600,1600,1600,1600,-,-,$1.67,-,1900
slow pc startup,1,2400,1000,1300,1600,1300,1000,1000,1000,1000,1300,880,1000,1000,-,-,$1.31,-,1000
slow reboot,0.67,2400,-,-,-,-,-,-,-,-,-,-,-,-,-,-,$0.05,-,-
slow restart,0.6,2400,-,-,-,-,-,-,-,-,-,-,-,-,-,-,$0.05,-,-
slow windows 2000,0.73,4400,1900,1900,2400,2400,2900,2900,2400,2400,3600,2900,2900,3600,-,-,$0.64,-,2400
software to remove trojan horse,0.47,140,-,-,-,-,-,-,-,-,-,-,-,-,-,-,$0.05,-,-
spam stopping,0.8,3600,1600,1900,1900,2400,2400,2400,1600,1900,2400,1900,2400,2400,-,-,$8.50,-,1900
spammer virus,0.27,320,73,46,58,170,110,110,110,58,36,73,73,46,-,-,$1.29,-,73
spamming virus,0.27,390,-,-,-,-,-,-,-,-,-,-,-,-,-,-,$0.05,-,-
speed up pc performance,1,2400,880,1300,1900,1600,1300,1300,1000,1300,880,880,880,1000,-,-,$1.33,-,1300
speed up xp startup,0.6,2900,1000,1000,1000,1300,1300,1300,1600,1600,1300,1600,1300,1300,-,-,$1.32,-,1300
speedup my computer,0.8,880,-,-,-,-,-,-,-,-,-,-,-,-,-,-,$0.05,-,-
speedup your computer,0.6,210,-,-,-,-,-,-,-,-,-,-,-,-,-,-,$0.05,-,-
spy keylogger free,0.4,2900,-,-,-,-,-,-,-,-,-,-,-,-,-,-,$0.05,-,-
spy ware removal,1,4400,1600,1900,2400,2400,4400,5400,2400,4400,6600,3600,4400,5400,-,-,$3.19,-,3600
spy ware remove,0.87,1600,720,720,880,1000,1300,1600,720,1000,1300,880,1300,1600,-,-,$2.68,-,1000
spyware .dll,0.53,2900,1600,1000,880,880,1300,1600,1300,1300,1000,1300,1300,1600,-,-,$1.65,-,1300
spyware and adware removal program,1,1000,480,590,720,590,880,880,880,720,720,590,480,720,-,-,$3.78,-,720
spyware detection and removal,1,1000,590,1300,720,720,1000,1000,720,720,880,720,880,1000,-,-,$4.20,-,880
spyware popup,1,4400,1900,1600,2400,2900,4400,4400,4400,3600,2900,2900,3600,5400,-,-,$3.14,-,3600
spyware popups,1,1600,1000,720,590,720,880,1300,1000,1000,1000,880,1000,1300,-,-,$3.44,-,1000
spyware quake,1,3600,1300,1000,1900,1900,3600,4400,1900,2400,2900,2400,3600,5400,-,-,$1.93,-,2900
spyware removal downloads,1,3600,1600,1900,1900,2400,3600,3600,2900,2400,2400,1900,2400,3600,-,-,$4.13,-,2400
spyware removal review,1,2400,1000,1000,1300,1600,1900,2400,1900,1600,1900,1600,1600,2400,-,-,$2.88,-,1600
spyware removal reviews,1,2900,1600,1600,1600,1900,1900,2400,2400,2400,2400,1900,2400,2400,-,-,$2.61,-,1900
spyware removal software download,0.93,2900,1300,1300,1600,1600,2400,2900,1900,1900,1900,1900,1900,2900,-,-,$3.85,-,1900
spyware startup,0.67,880,320,320,320,390,480,480,590,480,590,480,480,480,-,-,$1.94,-,480
spyware virus remover,1,4400,1600,1600,2400,2400,3600,4400,3600,4400,4400,3600,3600,5400,-,-,$3.44,-,3600
spyware worm,0.67,3600,590,720,720,1300,1300,2900,4400,2400,1300,720,1000,1300,-,-,$0.88,-,1600
startpage virus,0.6,1600,320,390,480,480,1600,2900,480,590,880,480,1300,2400,-,-,$1.68,-,1000
startpage virus,0.6,1600,320,390,480,480,1600,2900,480,590,880,480,1300,2400,-,-,$1.69,-,1000
startpage virus,0.6,1600,320,390,480,480,1600,2900,480,590,880,480,1300,2400,-,-,$1.72,-,1000
steps to prevent identity theft,0.73,320,210,390,320,320,390,320,390,260,320,320,260,170,-,-,$6.77,-,320
stinger removal,0.47,2400,1600,1300,1300,1300,1600,1900,1000,1000,1600,1300,1600,2400,-,-,$1.54,-,1600
stinger worm,0.6,480,-,-,-,-,-,-,-,-,-,-,-,-,-,-,$0.05,-,-
stop  computer virus,-,1300,720,720,720,720,880,880,720,720,880,590,720,720,-,-,$4.23,-,720
stop anti virus,0.47,1900,720,720,880,880,1300,1600,1000,880,1000,880,1000,1600,-,-,$1.69,-,1000
stop computer freezing,0.8,2900,1900,1900,1900,2400,2400,2400,1900,1900,1600,1300,1300,1600,-,-,$1.77,-,1900
stop computer virus,0.6,1300,720,720,720,720,880,880,720,720,880,590,720,720,-,-,$4.17,-,720
stop computer viruses,0.6,1000,590,590,720,720,720,590,590,590,590,390,480,480,-,-,$3.81,-,590
stop computer viruses,0.6,1000,590,590,720,720,720,590,590,590,590,390,480,480,-,-,$3.82,-,590
stop safe mode,0.27,2900,-,-,-,-,-,-,-,-,-,-,-,-,-,-,$0.05,-,-
stop spammer,0.47,390,140,170,210,210,210,260,140,110,140,110,140,170,-,-,$0.05,-,170
stop spammers,0.73,1300,590,590,590,720,720,720,590,590,880,720,590,720,-,-,$8.29,-,720
stop spamming,0.67,3600,1300,1600,1300,1300,1600,1600,1900,1900,2900,1000,1300,1300,-,-,$7.54,-,1600
stop spoofing,0.4,2400,1900,1900,1600,1900,1900,1300,1300,1000,1000,1300,880,880,-,-,$0.98,-,1600
stop trojan virus,0.33,390,-,-,-,-,-,-,-,-,-,-,-,-,-,-,$0.05,-,-
stop trojan,0.67,2400,880,720,880,880,880,1000,1000,720,880,720,880,1000,-,-,$1.48,-,880
stop virus free,0.47,390,-,-,-,-,-,-,-,-,-,-,-,-,-,-,$0.05,-,-
stop virus protection,0.6,590,320,260,320,320,480,390,320,390,480,390,480,390,-,-,$3.42,-,390
stop virus scan,0.53,1000,480,480,590,590,720,720,880,720,720,590,880,880,-,-,$2.06,-,720
stop virus scanner,0.47,140,-,-,-,-,-,-,-,-,-,-,-,-,-,-,$0.05,-,-
stop virus software,0.4,320,-,-,-,-,-,-,-,-,-,-,-,-,-,-,$0.05,-,-
stop viruses,0.8,4400,1600,1600,1900,1900,2400,1900,1900,1900,1900,1600,1900,1600,-,-,$3.45,-,1900
svchost worm,0.67,1600,390,390,390,480,480,590,390,390,480,390,480,590,-,-,$0.93,-,480
svchost.exe worm,0.27,720,140,140,170,210,170,170,140,170,260,170,170,170,-,-,$0.99,-,170
system guard 2009 removal,0.4,260,-,-,-,-,-,-,-,-,-,-,-,-,-,-,$0.05,-,-
system guard removal,0.27,390,-,-,-,-,-,-,-,-,-,-,-,-,-,-,$0.05,-,-
system restore get rid of virus,-,260,-,-,-,-,-,-,-,-,-,-,-,-,-,-,$0.05,-,-
system32 virus removal,0.53,260,-,-,-,-,-,-,-,-,-,-,-,-,-,-,$0.05,-,-
theft affidavit,0.67,2900,-,-,-,-,-,-,-,-,-,-,-,-,-,-,$0.05,-,-
theft social security number,0.67,2400,1600,1900,2400,2400,2900,2400,2400,1900,2400,1900,2400,2400,-,-,$2.71,-,2400
to speedup computer,0.53,720,-,-,-,-,-,-,-,-,-,-,-,-,-,-,$0.05,-,-
top antivirus program,0.73,1000,260,210,320,320,320,390,590,880,880,260,320,390,-,-,$1.64,-,480
top spyware removal,1,3600,1600,1900,1900,1900,2900,2900,2900,2400,2900,2400,2400,2900,-,-,$2.02,-,2400
torjan virus removal,0.47,210,-,-,-,-,-,-,-,-,-,-,-,-,-,-,$0.05,-,-
trogan virus removal,0.4,110,-,-,-,-,-,-,-,-,-,-,-,-,-,-,$0.05,-,-
trojan brisv alinf,0.4,480,-,-,-,-,-,-,-,-,-,-,-,-,-,-,$0.05,-,-
trojan downloader virus,0.67,3600,880,880,1000,1300,2400,2900,1300,1300,1600,1600,1900,2900,-,-,$0.00,-,1600
trojan downloader virus,0.67,3600,880,880,1000,1300,2400,2900,1300,1300,1600,1600,1900,2900,-,-,$1.88,-,1600
trojan dropper virus,0.73,1900,480,390,480,590,1000,1300,720,590,720,590,720,1000,-,-,$1.38,-,720
trojan fakeavalert,0.47,4400,-,-,-,-,-,-,-,-,-,-,-,-,-,-,$0.05,-,-
trojan horse antivirus,0.87,4400,720,880,1000,1300,1300,1300,1300,1300,1300,1300,1600,1600,-,-,$1.52,-,1300
trojan horse antivirus,0.87,4400,720,880,1000,1300,1300,1300,1300,1300,1300,1300,1600,1600,-,-,$1.67,-,1300
trojan horse antivirus,0.87,4400,720,880,1000,1300,1300,1300,1300,1300,1300,1300,1600,1600,-,-,$1.68,-,1300
trojan horse fix,0.8,2900,1300,1300,1600,1600,1900,2400,1900,1600,1600,1300,1600,2400,-,-,$2.21,-,1600
trojan horse generic 10,0.4,880,-,-,-,-,-,-,-,-,-,-,-,-,-,-,$0.05,-,-
trojan horse removers,0.87,480,170,170,320,260,390,480,260,320,390,320,320,720,-,-,$2.42,-,390
trojan horse virus history,0.27,260,-,-,-,-,-,-,-,-,-,-,-,-,-,-,$0.05,-,-
trojan horse worm,0.73,2900,880,1000,1300,1600,1600,1900,1300,1300,1600,1600,1600,1900,-,-,$1.26,-,1600
trojan horses viruses,0.67,1600,720,880,1000,1300,1300,1300,880,1000,1000,880,880,880,-,-,$1.27,-,1000
trojan zlob removal tool,0.6,590,210,260,260,260,390,390,210,480,720,390,590,590,-,-,$0.90,-,390
trojans removal,0.8,1600,590,590,720,880,1000,1000,1000,880,880,880,880,1300,-,-,$1.75,-,880
unwanted spyware,0.73,590,210,260,390,480,480,590,390,390,320,390,480,720,-,-,$2.82,-,390
victim of identity theft,0.93,2900,1900,2400,2400,2400,2400,2400,1900,1900,1900,1900,2400,1900,-,-,$2.57,-,2400
victims of identity theft,0.93,2400,1300,1600,1900,2400,2400,4400,1900,1900,2400,2400,4400,1600,-,-,$3.01,-,2400
virtumonde remover,0.67,880,210,260,260,590,320,390,480,480,590,390,390,720,-,-,$1.38,-,390
virtumonde remover,0.67,880,210,260,260,590,320,390,480,480,590,390,390,720,-,-,$1.39,-,390
virus art,0.47,4400,-,-,-,-,-,-,-,-,-,-,-,-,-,-,$0.05,-,-
virus backdoor trojan,0.67,3600,1300,1600,1600,1900,1900,2400,2400,1600,1600,1600,1600,1900,-,-,$1.20,-,1600
virus backdoor trojan,0.67,3600,1300,1600,1600,1900,1900,2400,2400,1600,1600,1600,1600,1900,-,-,$1.22,-,1600
virus backdoor trojan,0.67,3600,1300,1600,1600,1900,1900,2400,2400,1600,1600,1600,1600,1900,-,-,$1.23,-,1600
virus checkers,1,2900,880,1000,1000,1300,1600,1900,880,1300,1600,1000,1600,1900,-,-,$2.59,-,1300
virus downloader trojan,0.47,3600,880,880,1000,1300,2400,2900,1300,1300,1600,1600,1900,2900,-,-,$1.61,-,1600
virus on computer what to do,0.2,260,-,-,-,-,-,-,-,-,-,-,-,-,-,-,$0.05,-,-
virus removal 2008,0.73,880,-,-,-,-,-,-,-,-,-,-,-,-,-,-,$0.05,-,-
virus removal help,0.87,1300,720,880,720,720,1300,1600,1600,880,720,590,720,1000,-,-,$2.69,-,880
virus removal service,1,4400,2900,2900,2900,2900,2900,3600,2400,1900,1900,1600,1900,1600,-,-,$6.37,-,2400
virus removal service,1,4400,2900,2900,2900,2900,2900,3600,2400,1900,1900,1600,1900,1600,-,-,$6.46,-,2400
virus removal service,1,4400,2900,2900,2900,2900,2900,3600,2400,1900,1900,1600,1900,1600,-,-,$6.49,-,2400
virus removal service,1,4400,2900,2900,2900,2900,2900,3600,2400,1900,1900,1600,1900,1600,-,-,$6.51,-,2400
virus removal service,1,4400,2900,2900,2900,2900,2900,3600,2400,1900,1900,1600,1900,1600,-,-,$6.55,-,2400
virus removal service,1,4400,2900,2900,2900,2900,2900,3600,2400,1900,1900,1600,1900,1600,-,-,$6.58,-,2400
virus removal service,1,4400,2900,2900,2900,2900,2900,3600,2400,1900,1900,1600,1900,1600,-,-,$6.66,-,2400
virus removal services,0.93,1600,-,-,-,-,-,-,-,-,-,-,-,-,-,-,$0.05,-,-
virus remover software,0.8,2900,880,720,1000,1000,1600,1600,1300,1000,1000,1000,1300,1900,-,-,$2.07,-,1300
virus remover software,0.8,2900,880,720,1000,1000,1600,1600,1300,1000,1000,1000,1300,1900,-,-,$2.40,-,1300
virus remover software,0.8,2900,880,720,1000,1000,1600,1600,1300,1000,1000,1000,1300,1900,-,-,$2.43,-,1300
virus scan antivirus,0.53,4400,-,-,-,-,-,-,-,-,-,-,-,-,-,-,$0.05,-,-
virus scan stops,0.47,320,-,-,-,-,-,-,-,-,-,-,-,-,-,-,$0.05,-,-
virus scan trojan horse,0.53,480,-,-,-,-,-,-,-,-,-,-,-,-,-,-,$0.05,-,-
virus stops antivirus,-,320,-,-,-,-,-,-,-,-,-,-,-,-,-,-,$0.05,-,-
virus stops internet connection,-,140,-,-,-,-,-,-,-,-,-,-,-,-,-,-,$0.05,-,-
virus stops task manager,-,91,-,-,-,-,-,-,-,-,-,-,-,-,-,-,$0.05,-,-
virus tanatos m,-,1300,-,-,-,-,-,-,-,-,-,-,-,-,-,-,$0.05,-,-
virus that stops antivirus,-,91,-,-,-,-,-,-,-,-,-,-,-,-,-,-,$0.05,-,-
virus trigger,0.67,1300,-,-,-,-,-,-,-,-,-,-,-,-,-,-,$0.05,-,-
virus worm downadup,0.13,590,-,-,-,-,-,-,-,-,-,-,-,-,-,-,$0.05,-,-
viruses removal,0.87,4400,1900,1900,2400,2900,2900,2900,2900,2900,2900,1900,2400,2900,-,-,$1.89,-,2400
w32 downadup a,-,480,-,-,-,-,-,-,-,-,-,-,-,-,-,-,$0.05,-,-
w32 downadup b virus,-,880,-,-,-,-,-,-,-,-,-,-,-,-,-,-,$0.05,-,-
w32 downadup virus,-,1600,-,-,-,-,-,-,-,-,-,-,-,-,-,-,$0.05,-,-
w32 fix,0.6,4400,880,880,1300,1600,2400,3600,1300,1600,1900,1300,2400,3600,-,-,$1.16,-,1900
w32 jeefo virus,0.6,880,390,320,480,480,720,880,390,320,260,320,480,880,-,-,$1.28,-,480
w32.pinfi virus,0.4,480,91,73,210,210,720,1000,320,260,260,260,390,880,-,-,$1.35,-,390
what anti spyware,0.4,2900,880,1000,1300,1600,1600,1900,1900,1300,1600,1300,1600,1900,-,-,$1.97,-,1600
what antivirus works with windows 7,0.4,210,-,-,-,-,-,-,-,-,-,-,-,-,-,-,$0.05,-,-
what are computer virus,0.53,1300,320,320,590,590,720,720,720,590,590,720,720,480,-,-,$1.02,-,590
what are computer viruses,0.8,3600,720,590,1000,1600,1900,1900,1900,1300,1600,1300,1600,1000,-,-,$0.79,-,1300
what are good antivirus programs,0.27,140,-,-,-,-,-,-,-,-,-,-,-,-,-,-,$0.05,-,-
what are the best antivirus programs,0.53,260,-,-,-,-,-,-,-,-,-,-,-,-,-,-,$0.05,-,-
what can a computer virus do,0.13,320,-,-,-,-,-,-,-,-,-,-,-,-,-,-,$0.05,-,-
what can a virus do to your computer,-,170,-,-,-,-,-,-,-,-,-,-,-,-,-,-,$0.05,-,-
what computer viruses do,0.2,1600,-,-,-,-,-,-,-,-,-,-,-,-,-,-,$0.05,-,-
what do computer viruses do,0.33,390,-,-,-,-,-,-,-,-,-,-,-,-,-,-,$0.05,-,-
what does a computer virus do,0.27,320,-,-,-,-,-,-,-,-,-,-,-,-,-,-,$0.05,-,-
what does a computer virus look like,0.33,170,-,-,-,-,-,-,-,-,-,-,-,-,-,-,$0.05,-,-
what does computer virus mean,-,110,-,-,-,-,-,-,-,-,-,-,-,-,-,-,$0.05,-,-
what internet security software,0.4,1300,-,-,-,-,-,-,-,-,-,-,-,-,-,-,$0.05,-,-
what is a computer virus and what does it do,-,170,-,-,-,-,-,-,-,-,-,-,-,-,-,-,$0.05,-,-
what is a good free antivirus software,0.13,260,-,-,-,-,-,-,-,-,-,-,-,-,-,-,$0.05,-,-
what is a trojan computer virus,0.2,390,-,-,-,-,-,-,-,-,-,-,-,-,-,-,$0.05,-,-
what is a trojan virus on a computer,-,140,-,-,-,-,-,-,-,-,-,-,-,-,-,-,$0.05,-,-
what is a virus on a computer,0.27,590,-,-,-,-,-,-,-,-,-,-,-,-,-,-,$0.05,-,-
what is a worm computer virus,0.27,140,-,-,-,-,-,-,-,-,-,-,-,-,-,-,$0.05,-,-
what is antivirus protection,0.33,480,-,-,-,-,-,-,-,-,-,-,-,-,-,-,$0.05,-,-
what is avira antivirus,-,170,-,-,-,-,-,-,-,-,-,-,-,-,-,-,$0.05,-,-
what is best free antivirus software,0.4,2400,-,-,-,-,-,-,-,-,-,-,-,-,-,-,$0.05,-,-
what is best internet security software,0.27,880,-,-,-,-,-,-,-,-,-,-,-,-,-,-,$0.05,-,-
what is internet security software,0.33,880,-,-,-,-,-,-,-,-,-,-,-,-,-,-,$0.05,-,-
what is the best antivirus protection,0.53,170,-,-,-,-,-,-,-,-,-,-,-,-,-,-,$0.05,-,-
what is the best antivirus software available,0.4,140,-,-,-,-,-,-,-,-,-,-,-,-,-,-,$0.05,-,-
what is the best antivirus software for 2009,0.53,170,-,-,-,-,-,-,-,-,-,-,-,-,-,-,$0.05,-,-
what is the best free antivirus download,0.13,140,-,-,-,-,-,-,-,-,-,-,-,-,-,-,$0.05,-,-
what is the best free antivirus program,0.53,260,-,-,-,-,-,-,-,-,-,-,-,-,-,-,$0.05,-,-
what is the best free antivirus software,0.73,2400,-,-,-,-,-,-,-,-,-,-,-,-,-,-,$0.05,-,-
what is the best free antivirus,0.67,4400,-,-,-,-,-,-,-,-,-,-,-,-,-,-,$0.05,-,-
what is the best free internet security,0.33,91,-,-,-,-,-,-,-,-,-,-,-,-,-,-,$0.05,-,-
what is the best internet security software,0.6,720,-,-,-,-,-,-,-,-,-,-,-,-,-,-,$0.05,-,-
what is the best internet security suite,0.4,170,-,-,-,-,-,-,-,-,-,-,-,-,-,-,$0.05,-,-
what is the best virus protection for my computer,0.33,110,-,-,-,-,-,-,-,-,-,-,-,-,-,-,$0.05,-,-
what is the computer virus,0.33,1300,-,-,-,-,-,-,-,-,-,-,-,-,-,-,$0.05,-,-
what is the difference between antivirus and internet security,-,110,-,-,-,-,-,-,-,-,-,-,-,-,-,-,$0.05,-,-
what is the worst computer virus,0.2,170,-,-,-,-,-,-,-,-,-,-,-,-,-,-,$0.05,-,-
what to do about identity theft,0.8,590,480,480,480,480,590,590,480,480,390,390,390,480,-,-,$4.90,-,480
what to do if computer has a virus,-,91,-,-,-,-,-,-,-,-,-,-,-,-,-,-,$0.05,-,-
what to do when computer has a virus,-,91,-,-,-,-,-,-,-,-,-,-,-,-,-,-,$0.05,-,-
what to do when your computer has a virus,-,260,-,-,-,-,-,-,-,-,-,-,-,-,-,-,$0.05,-,-
whats a good antivirus program,-,110,-,-,-,-,-,-,-,-,-,-,-,-,-,-,$0.05,-,-
whats a good antivirus,-,480,-,-,-,-,-,-,-,-,-,-,-,-,-,-,$0.05,-,-
whats a good free antivirus,0.2,210,-,-,-,-,-,-,-,-,-,-,-,-,-,-,$0.05,-,-
whats the best antivirus program,0.47,110,-,-,-,-,-,-,-,-,-,-,-,-,-,-,$0.05,-,-
whats the best antivirus software,0.6,260,-,-,-,-,-,-,-,-,-,-,-,-,-,-,$0.05,-,-
whats the best antivirus,0.6,1300,-,-,-,-,-,-,-,-,-,-,-,-,-,-,$0.05,-,-
whats the best free antivirus,0.53,390,-,-,-,-,-,-,-,-,-,-,-,-,-,-,$0.05,-,-
where can i download free antivirus software,0.4,140,-,-,-,-,-,-,-,-,-,-,-,-,-,-,$0.05,-,-
where can i download free antivirus,0.27,480,-,-,-,-,-,-,-,-,-,-,-,-,-,-,$0.05,-,-
where can i get free antivirus,0.47,390,-,-,-,-,-,-,-,-,-,-,-,-,-,-,$0.05,-,-
where to buy antivirus software,0.53,110,-,-,-,-,-,-,-,-,-,-,-,-,-,-,$0.05,-,-
who antivirus,0.2,2400,-,-,-,-,-,-,-,-,-,-,-,-,-,-,$0.05,-,-
who is the best antivirus,0.27,260,-,-,-,-,-,-,-,-,-,-,-,-,-,-,$0.05,-,-
who makes the best antivirus software,0.53,170,-,-,-,-,-,-,-,-,-,-,-,-,-,-,$0.05,-,-
why are there computer viruses,-,110,-,-,-,-,-,-,-,-,-,-,-,-,-,-,$0.05,-,-
why does my computer run so slow,0.87,880,590,590,590,720,720,880,880,720,880,590,590,590,-,-,$1.65,-,720
why is computer running so slow,0.53,1600,-,-,-,-,-,-,-,-,-,-,-,-,-,-,$0.05,-,-
why is my computer going so slow,0.67,260,-,-,-,-,-,-,-,-,-,-,-,-,-,-,$0.05,-,-
why is my computer moving so slow,0.6,170,-,-,-,-,-,-,-,-,-,-,-,-,-,-,$0.05,-,-
why is my computer running slow,1,4400,3600,3600,3600,3600,4400,3600,3600,3600,2900,2900,3600,4400,-,-,$1.45,-,3600
why is my computer running slow,1,4400,3600,3600,3600,3600,4400,3600,3600,3600,2900,2900,3600,4400,-,-,$2.41,-,3600
why is my computer running so slow,0.93,1600,1000,1000,1000,1000,1600,1300,1300,1300,1300,1000,1300,1600,-,-,$1.55,-,1300
why is my computer so slow all of a sudden,0.6,1300,-,-,-,-,-,-,-,-,-,-,-,-,-,-,$0.05,-,-
why is my computer so slow lately,0.53,320,-,-,-,-,-,-,-,-,-,-,-,-,-,-,$0.05,-,-
why is my computer so slow on the internet,0.47,170,-,-,-,-,-,-,-,-,-,-,-,-,-,-,$0.05,-,-
why is my computer so slow to start up,0.47,170,-,-,-,-,-,-,-,-,-,-,-,-,-,-,$0.05,-,-
why is my computer so slow to start,0.6,170,-,-,-,-,-,-,-,-,-,-,-,-,-,-,$0.05,-,-
why is my computer so slow vista,0.47,140,-,-,-,-,-,-,-,-,-,-,-,-,-,-,$0.05,-,-
why is my new computer so slow,0.67,140,-,-,-,-,-,-,-,-,-,-,-,-,-,-,$0.05,-,-
why is my vista computer so slow,0.2,140,-,-,-,-,-,-,-,-,-,-,-,-,-,-,$0.05,-,-
why is the computer so slow,0.47,140,-,-,-,-,-,-,-,-,-,-,-,-,-,-,$0.05,-,-
why is this computer so slow,0.6,210,-,-,-,-,-,-,-,-,-,-,-,-,-,-,$0.05,-,-
will a system restore get rid of a virus,-,110,-,-,-,-,-,-,-,-,-,-,-,-,-,-,$0.05,-,-
win 32 worm,0.4,2900,-,-,-,-,-,-,-,-,-,-,-,-,-,-,$0.05,-,-
win32 conficker a worm,0.2,720,-,-,-,-,-,-,-,-,-,-,-,-,-,-,$0.05,-,-
win32 conficker a,0.2,1300,-,-,-,-,-,-,-,-,-,-,-,-,-,-,$0.05,-,-
win32 zafi b,0.6,880,260,320,480,720,480,320,390,320,390,260,590,720,-,-,$0.05,-,480
windows computer virus,0.4,2400,-,-,-,-,-,-,-,-,-,-,-,-,-,-,$0.05,-,-
windows xp keylogger,0.67,2400,590,590,590,480,590,590,390,590,590,480,590,590,-,-,$0.75,-,590
winlogon virus removal,0.33,480,-,-,-,-,-,-,-,-,-,-,-,-,-,-,$0.05,-,-
winxp virus,0.33,2900,-,-,-,-,-,-,-,-,-,-,-,-,-,-,$0.05,-,-
worm cleaner,0.73,3600,480,390,480,590,720,720,720,590,880,590,590,720,-,-,$0.91,-,590
worm delete,0.67,2900,390,480,590,880,1000,1300,1900,1600,1000,720,880,880,-,-,$1.19,-,880
worm malware,0.6,2900,880,720,880,1000,1000,1000,1300,1300,1000,720,720,720,-,-,$1.36,-,880
worm scan,0.8,3600,1300,1000,1600,1300,1900,2400,1600,1600,1900,1600,1900,2400,-,-,$1.22,-,1600
worm tools,0.67,4400,1600,1600,1900,1900,2400,2400,2400,2900,2400,1600,1900,1900,-,-,$1.48,-,1900
worm trojan horse,0.47,2900,880,1000,1300,1600,1600,1900,1300,1300,1600,1600,1600,1900,-,-,$1.26,-,1600
worm virus scan,0.6,880,390,320,590,390,720,720,480,590,720,480,590,720,-,-,$1.47,-,590
worm viruses,0.87,2400,590,720,880,1000,1300,1600,1000,1000,1000,1000,1000,1000,-,-,$1.26,-,1000
worm win 32,0.47,2900,-,-,-,-,-,-,-,-,-,-,-,-,-,-,$0.05,-,-
worst computer virus,0.73,2900,1600,1600,1600,1600,1600,1900,1600,1600,1900,1300,1300,1300,-,-,$1.44,-,1600
xp startup speed,0.47,4400,-,-,-,-,-,-,-,-,-,-,-,-,-,-,$0.05,-,-
zedo virus,0.47,390,-,-,-,-,-,-,-,-,-,-,-,-,-,-,$0.05,-,-
