keyword,competition,gobal searches,local searches,allintitle
antivirus 360 removal tool,0.67,320,-,7
antivirus pro 2009 removal,0.6,1900,-,30
antivirus xp pro removal,0.47,2900,-,32
april fools day virus,0.53,320,-,18
best spyware removal program,1,1900,1300,25
cant get rid of virus,0.47,390,-,47
computer has virus what to do,-,320,-,4
computer virus what to do,0.27,1600,-,41
current computer virus threats,0.33,140,-,2
definition of a computer virus,0.67,480,210,1
definition of computer virus,0.73,1600,720,11
definition of computer viruses,0.53,210,-,4
defrag speed up computer,0.53,170,-,16
free identity theft protection,0.87,1300,1000,48
free spyware removal online,0.73,2900,1900,11
free spyware removal program,1,4400,2400,24
full form of computer virus,0.2,170,-,3
get rid of a virus for free,0.47,210,-,3
get rid of email virus,0.47,320,-,15
get rid of google redirect virus,-,480,-,36
get rid of pop up virus,0.27,210,-,4
get rid of redirect virus,0.13,1000,-,47
get rid of virus for free,0.6,880,-,13
get rid of virus free,0.67,1600,-,32
get rid of virus on laptop,-,110,-,4
get rid of vundo virus,0.4,170,-,2
get rid trojan horse virus,0.33,1000,-,34
getting rid of a computer virus,0.47,260,-,5
getting rid of a trojan virus,0.47,170,-,3
getting rid of a virus on your computer,0.33,91,-,0
getting rid of a virus,0.47,1000,-,32
getting rid of computer virus,0.4,590,480,7
getting rid of the trojan virus,0.4,170,-,0
getting rid of trojan horse virus,0.67,260,210,1
getting rid of trojan virus,0.6,1000,-,4
getting rid of virus on computer,-,170,-,1
history of trojan horse virus,0.6,210,-,3
how can speed up my computer,0.53,2900,-,31
how computer viruses are made,-,170,-,1
how do antivirus programs work,0.47,140,-,2
how do you get rid of virus on computer,-,110,-,32
how do you know if you have a computer virus,-,91,-,1
how do you make a computer virus,0.33,91,-,40
how does a computer get a virus,0.13,110,-,8
how does a computer virus spread,-,140,-,1
how to avoid a computer virus,0.4,110,-,14
how to avoid computer virus,0.4,260,-,22
how to bypass antivirus,0.13,170,-,7
how to check antivirus,-,880,-,12
how to check computer for virus,0.33,210,-,0
how to choose antivirus software,-,390,-,13
how to clean a computer virus,0.4,720,-,11
how to clean a virus infected computer,0.27,210,-,3
how to clean computer virus,0.53,2400,-,15
how to clean virus from computer,0.47,880,-,3
how to clear a computer virus,-,140,-,0
how to delete antivirus pro,-,1300,-,6
how to delete fake antivirus,-,110,-,10
how to destroy a computer virus,0.2,140,-,1
how to detect keylogger,0.67,2900,1600,25
how to download an antivirus,-,140,-,0
how to find a computer virus,0.47,590,-,5
how to find computer virus,0.47,1000,-,12
how to find virus on computer,-,590,-,4
how to fix a computer virus,0.53,2400,-,9
how to fix a computer with a virus,0.47,880,-,1
how to fix a virus infected computer,0.27,390,-,2
how to fix a virus on a computer,0.27,140,-,0
how to fix computer virus,0.6,3600,-,20
how to fix computer with virus,0.47,1000,-,3
how to fix virus infected computer,0.2,720,-,3
how to fix virus on computer,0.33,320,-,0
how to get a free antivirus program,-,110,-,0
how to get a free antivirus,-,320,-,2
how to get antivirus 2009,-,880,-,15
how to get antivirus for free,0.13,1900,-,23
how to get free antivirus 2009,0.13,480,-,1
how to get free antivirus protection,0.27,260,-,3
how to get free antivirus software,0.27,480,-,5
how to get rid of a computer virus for free,0.27,590,-,0
how to get rid of a computer virus,0.73,3600,3600,33
how to get rid of a trojan virus,0.73,1900,1900,27
how to get rid of a virus for free,0.53,590,-,1
how to get rid of a virus manually,-,110,-,2
how to get rid of a virus on my computer,0.4,110,-,0
how to get rid of a virus on my laptop,0.2,1000,-,1
how to get rid of a virus on pc,-,210,-,0
how to get rid of a virus on your computer,0.47,1300,-,1
how to get rid of about blank virus,0.47,91,-,2
how to get rid of computer virus for free,0.2,140,-,0
how to get rid of email virus,-,110,-,4
how to get rid of google redirect virus,-,320,-,12
how to get rid of koobface virus,-,110,-,2
how to get rid of malware virus,0.33,170,-,14
how to get rid of pop up virus,0.13,170,-,3
how to get rid of redirect virus,-,260,-,18
how to get rid of system security virus,-,260,-,2
how to get rid of the trojan virus,0.6,590,590,6
how to get rid of trojan virus for free,0.4,590,-,0
how to get rid of virus for free,0.53,140,-,4
how to get rid of virus on computer,0.53,260,-,9
how to identify a computer virus,-,91,-,4
how to infect a computer with a virus,0.2,170,-,0
how to keep computer virus free,-,110,-,8
how to manually remove spyware,0.6,880,590,21
how to prevent a computer virus,0.47,210,-,8
how to prevent computer virus,0.6,720,210,16
how to protect against identity theft,0.87,480,390,20
how to protect yourself from identity theft,1,1600,1600,45
how to remove a computer worm,-,260,-,9
how to remove a exe virus,-,140,-,12
how to remove a rootkit virus,0.13,91,-,4
how to remove a spyware,0.67,480,-,44
how to remove a trojan horse virus,0.67,480,390,10
how to remove a trojan virus for free,0.2,210,-,0
how to remove a trojan virus manually,-,210,-,1
how to remove a virus for free,0.2,170,-,6
how to remove a virus free,0.27,480,-,14
how to remove a virus from a computer,0.27,140,-,32
how to remove a virus from computer,0.4,260,-,32
how to remove a virus manually,0.27,1600,-,11
how to remove a virus without antivirus,-,390,-,3
how to remove a worm from my computer,-,170,-,1
how to remove a worm virus,0.4,170,-,18
how to remove about blank virus,0.73,170,-,6
how to remove about blank,0.73,1000,720,29
how to remove advanced antivirus,0.2,170,-,6
how to remove adware and spyware,0.67,720,480,26
how to remove adware virus,0.6,210,-,32
how to remove ahsan virus,-,210,-,4
how to remove anti virus 2010,-,320,-,12
how to remove anti virus plus,-,110,-,2
how to remove antivirus 2010 for free,-,140,-,3
how to remove antivirus 360,0.53,260,-,26
how to remove antivirus plus,0.27,1600,-,14
how to remove antivirus system pro alert,-,210,-,3
how to remove antivirus system pro virus,-,110,-,1
how to remove antivirus xp 2008,0.33,170,-,25
how to remove any virus,-,320,-,17
how to remove backdoor trojan virus,0.33,91,-,6
how to remove backdoor virus,0.33,320,-,14
how to remove bagle,0.27,480,-,13
how to remove bankerfox a virus,-,210,-,0
how to remove bios virus,-,170,-,0
how to remove blaster virus,0.2,170,-,6
how to remove bloodhound virus,0.53,170,110,8
how to remove brontok virus,0.53,320,-,5
how to remove ca antivirus,0.13,210,-,10
how to remove cell phone spyware,0.2,170,-,1
how to remove computer virus manually,-,320,-,12
how to remove conficker virus,0.33,480,-,23
how to remove cryptor virus,0.2,140,-,1
how to remove cws,0.47,170,140,12
how to remove dialer,0.53,590,320,24
how to remove downadup virus,0.2,140,-,7
how to remove downloader virus,0.53,390,-,13
how to remove email virus,-,320,-,8
how to remove ezula,0.53,170,140,6
how to remove fake anti virus,-,110,-,13
how to remove hacktool virus,0.33,110,-,3
how to remove hidden virus,-,590,-,13
how to remove hijack virus,-,210,-,11
how to remove hijacker virus,-,110,-,15
how to remove iexplore exe virus,0.33,320,-,0
how to remove infostealer virus,0.27,91,-,9
how to remove isearch,0.53,210,140,1
how to remove koobface virus,0.33,320,-,16
how to remove lsass exe virus,-,170,-,1
how to remove lsass virus,0.2,210,-,1
how to remove malware doctor,0.53,4400,-,20
how to remove messenger virus,0.33,720,-,25
how to remove msn messenger virus,0.27,110,-,15
how to remove msn virus,0.4,1600,-,32
how to remove new folder virus,0.33,1000,-,18
how to remove personal anti virus,0.27,480,-,7
how to remove personal antivirus for free,-,210,-,0
how to remove personal antivirus free,-,260,-,1
how to remove personal antivirus program,0.2,170,-,0
how to remove personal virus,-,1600,-,19
how to remove pop up virus,0.2,210,-,3
how to remove privacy center virus,0.2,210,-,4
how to remove raila odinga virus,0.13,140,-,8
how to remove registry virus,0.2,590,-,9
how to remove rogue virus,-,260,-,35
how to remove rootkit virus,0.33,590,-,14
how to remove sality virus,-,880,-,30
how to remove spyware alert,0.47,170,-,8
how to remove spyware and adware,0.8,720,480,26
how to remove spyware and malware,0.47,140,-,15
how to remove spyware and viruses,0.4,320,-,30
how to remove spyware for free,0.8,880,590,14
how to remove spyware from a computer,0.47,170,-,3
how to remove spyware from computer,0.73,1900,1300,36
how to remove spyware from my computer,0.67,91,-,3
how to remove spyware from my pc,0.6,170,-,2
how to remove spyware from pc,0.73,480,-,21
how to remove spyware from your computer,0.73,320,-,30
how to remove spyware from your pc,0.6,170,-,14
how to remove spyware guard 2008,0.53,91,-,7
how to remove spyware infection,0.67,110,-,5
how to remove spyware protect 2009,0.53,480,-,15
how to remove spyware protect,0.53,590,-,27
how to remove starware,0.53,170,91,6
how to remove svchost exe virus,-,880,-,9
how to remove svchost virus,0.47,1300,-,15
how to remove system security virus,0.27,320,-,9
how to remove the trojan horse virus,0.47,170,-,9
how to remove the trojan virus,0.6,480,-,31
how to remove trojan dropper virus,0.4,91,-,2
how to remove trojan horse generic,0.4,720,-,17
how to remove trojan horse virus from computer,0.47,320,-,6
how to remove trojan horse virus,0.87,2400,1300,41
how to remove trojan spyware,0.67,140,-,44
how to remove trojan virus for free,0.47,720,-,2
how to remove trojan virus free,0.4,1000,-,11
how to remove trojan virus from computer,0.73,110,-,20
how to remove trojan virus manually,0.13,880,-,4
how to remove trojans,0.73,2900,1300,43
how to remove usb virus,0.27,1300,-,35
how to remove virus and spyware,0.67,110,-,11
how to remove virus doctor,0.4,320,-,22
how to remove virus for free,0.33,2400,-,19
how to remove virus from computer for free,0.27,880,-,2
how to remove virus from the computer,0.2,140,-,19
how to remove virus in computer,0.2,320,-,12
how to remove virus on computer,0.27,260,-,7
how to remove virus trojan horse,0.47,2400,1300,41
how to remove virus without antivirus,0.33,3600,-,14
how to remove virus without using antivirus program,0.13,1900,-,5
how to remove virus without using antivirus,0.27,140,-,8
how to remove virut virus,-,260,-,8
how to remove vista antivirus,0.2,2900,-,46
how to remove vundo virus,0.53,320,-,10
how to remove w32 virus,0.47,880,-,46
how to remove win 32 virus,-,110,-,9
how to remove windows antivirus 2009,0.2,140,-,1
how to remove winlogon exe virus,-,110,-,1
how to remove worm from computer,-,320,-,10
how to report identity theft,0.87,1900,1600,23
how to scan computer for virus,-,260,-,2
how to speed my computer up for free,0.33,720,-,1
how to speed up a slow computer,0.87,590,480,34
how to speed up an old computer,0.67,140,-,2
how to speed up computer and,0.33,260,-,42
how to speed up computer at,0.33,110,-,2
how to speed up computer boot up,0.6,110,-,5
how to speed up computer boot,0.6,260,-,5
how to speed up computer by,0.4,140,-,19
how to speed up computer for free,0.67,320,-,11
how to speed up computer for gaming,0.47,110,-,0
how to speed up computer for,0.47,1900,-,18
how to speed up computer free,0.67,1900,-,21
how to speed up computer games,0.53,210,-,3
how to speed up computer internet,0.53,210,-,22
how to speed up computer memory,0.4,110,-,2
how to speed up computer on,0.33,480,-,29
how to speed up computer performance vista,0.47,110,-,0
how to speed up computer performance,0.73,880,-,13
how to speed up computer start up time,0.4,110,-,0
how to speed up computer start up,0.67,390,-,6
how to speed up computer startup,0.67,320,-,5
how to speed up computer system,0.53,110,-,2
how to speed up computer using,0.2,260,-,3
how to speed up computer vista,0.53,1600,-,13
how to speed up computer with vista,0.47,110,-,2
how to speed up computer with,0.4,390,-,14
how to speed up computer without,0.33,140,-,13
how to speed up computer xp,0.47,1600,-,31
how to speed up my computer for free,0.73,720,-,1
how to speed up my computer free,0.6,170,-,2
how to speed up my computer vista,0.6,140,-,0
how to speed up my computer xp,0.6,170,-,0
how to speed up my pc,0.93,3600,1600,42
how to speed up my vista computer,0.53,140,-,0
how to speed up my xp computer,0.47,170,-,0
how to speed up old computer,0.6,320,-,4
how to speed up the computer,0.8,590,320,26
how to speed up ur computer,0.6,140,-,0
how to speed up you computer,0.67,91,-,3
how to speed up your computer for free,0.67,390,-,5
how to speed up your computer free,0.6,210,-,9
how to speed up your computer vista,0.47,390,-,8
how to speed up your computer windows xp,0.47,170,-,11
how to speed up your computer xp,0.53,320,-,12
how to speed up your vista computer,0.47,390,-,7
how to stop a computer virus,0.27,320,-,1
how to stop a trojan virus,-,91,-,2
how to stop a virus,0.47,1000,-,25
how to stop antivirus system pro,-,110,-,1
how to stop computer virus,0.47,480,-,3
how to stop computer viruses,0.47,590,-,12
how to stop identity theft,0.93,1000,880,24
how to stop trojan virus,-,210,-,4
how to stop virus on computer,-,170,-,0
how to stop viruses,0.53,1600,590,46
how to take a virus off your computer,-,210,-,0
how to take virus off computer for free,-,140,-,0
how to take virus off computer,-,590,-,0
how to test antivirus program,-,110,-,1
how to test antivirus,0.2,880,-,18
how to test my antivirus,0.4,110,-,0
how to test your antivirus,-,210,-,10
how to use antivirus software,0.27,110,-,8
identity theft fraud alert,0.8,880,720,30
identity theft on the internet,0.93,1000,880,16
information on identity theft,1,1300,1000,26
insecure internet activity threat of virus attack,0.33,1900,-,32
lost wallet identity theft,0.73,320,-,2
meaning of computer virus,0.53,320,36,0
protect social security number,0.8,720,-,22
protecting against identity theft,0.93,480,390,28
remove a trojan horse virus,0.6,880,-,36
remove antivirus pro 2009,0.47,1600,-,29
remove computer virus for free,0.27,1300,-,4
remove computer virus free,0.27,1900,-,18
remove cool web search,0.73,320,260,4
remove security toolbar 7.1,0.53,320,-,25
remove trojan horse backdoor,0.53,720,-,21
remove trojan horse downloader,0.67,1000,590,46
remove trojan horse generic,0.47,2400,-,36
remove trojan horse psw,0.4,390,-,12
remove trojan horse sheur2,0.33,260,-,3
remove trojan horse virus free,0.73,390,320,6
remove trojan horse viruses,0.53,260,-,16
remove trojan horse vundo,0.2,320,-,4
remove virus on computer,0.4,720,-,20
removing spyware protect 2009,0.47,110,-,0
security toolbar 7.1 removal,0.47,480,-,10
software to remove trojan horse,0.47,140,-,2
speed up xp startup,0.6,2900,1300,23
spyware and adware removal program,1,1000,720,4
steps to prevent identity theft,0.73,320,320,16
system guard 2009 removal,0.4,260,-,18
system restore get rid of virus,-,260,-,1
trojan horse generic 10,0.4,880,-,22
trojan horse virus history,0.27,260,-,4
trojan zlob removal tool,0.6,590,390,8
virus on computer what to do,0.2,260,-,0
virus scan trojan horse,0.53,480,-,4
virus stops internet connection,-,140,-,0
virus stops task manager,-,91,-,0
virus that stops antivirus,-,91,-,2
w32 downadup b virus,-,880,-,12
what antivirus works with windows 7,0.4,210,-,0
what are computer virus,0.53,1300,590,41
what are good antivirus programs,0.27,140,-,0
what are the best antivirus programs,0.53,260,-,3
what can a computer virus do,0.13,320,-,8
what can a virus do to your computer,-,170,-,0
what computer viruses do,0.2,1600,-,27
what do computer viruses do,0.33,390,-,27
what does a computer virus do,0.27,320,-,3
what does a computer virus look like,0.33,170,-,3
what does computer virus mean,-,110,-,1
what internet security software,0.4,1300,-,30
what is a computer virus and what does it do,-,170,-,0
what is a good free antivirus software,0.13,260,-,2
what is a trojan computer virus,0.2,390,-,5
what is a trojan virus on a computer,-,140,-,0
what is a virus on a computer,0.27,590,-,1
what is a worm computer virus,0.27,140,-,4
what is antivirus protection,0.33,480,-,9
what is avira antivirus,-,170,-,6
what is best free antivirus software,0.4,2400,-,23
what is best internet security software,0.27,880,-,12
what is internet security software,0.33,880,-,19
what is the best antivirus protection,0.53,170,-,3
what is the best antivirus software available,0.4,140,-,0
what is the best antivirus software for 2009,0.53,170,-,0
what is the best free antivirus download,0.13,140,-,1
what is the best free antivirus program,0.53,260,-,11
what is the best free antivirus software,0.73,2400,-,22
what is the best free internet security,0.33,91,-,3
what is the best internet security software,0.6,720,-,8
what is the best internet security suite,0.4,170,-,3
what is the best virus protection for my computer,0.33,110,-,0
what is the difference between antivirus and internet security,-,110,-,6
what is the worst computer virus,0.2,170,-,9
what to do about identity theft,0.8,590,480,10
what to do if computer has a virus,-,91,-,2
what to do when computer has a virus,-,91,-,1
what to do when your computer has a virus,-,260,-,1
whats a good antivirus program,-,110,-,2
whats a good antivirus,-,480,-,4
whats a good free antivirus,0.2,210,-,3
whats the best antivirus program,0.47,110,-,2
whats the best antivirus software,0.6,260,-,13
whats the best antivirus,0.6,1300,-,33
whats the best free antivirus,0.53,390,-,4
where to buy antivirus software,0.53,110,-,2
who is the best antivirus,0.27,260,-,0
who makes the best antivirus software,0.53,170,-,1
why are there computer viruses,-,110,-,1
why does my computer run so slow,0.87,880,720,12
why is computer running so slow,0.53,1600,-,42
why is my computer going so slow,0.67,260,-,3
why is my computer moving so slow,0.6,170,-,1
why is my computer running so slow,0.93,1600,1300,40
why is my computer so slow all of a sudden,0.6,1300,-,6
why is my computer so slow lately,0.53,320,-,1
why is my computer so slow on the internet,0.47,170,-,0
why is my computer so slow to start up,0.47,170,-,0
why is my computer so slow to start,0.6,170,-,0
why is my computer so slow vista,0.47,140,-,1
why is my new computer so slow,0.67,140,-,0
why is my vista computer so slow,0.2,140,-,1
why is the computer so slow,0.47,140,-,26
why is this computer so slow,0.6,210,-,1
will a system restore get rid of a virus,-,110,-,1
win32 conficker a worm,0.2,720,-,19
